Id,First name,Last name,Email,Gender,Age,Play tennis,Like fruit,IP number
1,Virginia,Hunt,vhunt0@businessinsider.com,Female,37,Seldom,false,17.236.122.23
2,Michelle,Grant,mgrant1@vkontakte.ru,Female,65,Daily,true,93.71.200.144
3,Stephen,Burns,sburns2@chron.com,Male,54,Never,true,24.223.150.54
4,Jacqueline,Hicks,jhicks3@wikispaces.com,Female,67,Once,false,43.144.112.101
5,Joseph,Marshall,jmarshall4@oakley.com,Male,23,Often,false,180.4.101.178
6,Randy,Hamilton,rhamilton5@barnesandnoble.com,Male,79,Often,true,135.138.209.240
7,Deborah,Bishop,dbishop6@smugmug.com,Female,80,Weekly,true,6.217.29.142
8,Andrea,Morris,amorris7@ustream.tv,Female,33,Daily,true,197.26.70.237
9,Steven,Kelly,skelly8@usgs.gov,Male,96,Never,false,160.184.76.231
10,Phyllis,Cox,pcox9@amazonaws.com,Female,43,Monthly,true,169.108.244.249
11,Sean,Watkins,swatkinsa@vkontakte.ru,Male,62,Yearly,false,247.37.58.194
12,Frances,Dean,fdeanb@domainmarket.com,Female,85,Once,true,46.103.243.182
13,Ralph,Watson,rwatsonc@mozilla.org,Male,17,Daily,true,131.115.184.91
14,Peter,Gomez,pgomezd@edublogs.org,Male,43,Monthly,false,209.84.58.40
15,Earl,Brooks,ebrookse@wiley.com,Male,74,Daily,false,166.174.193.230
16,Earl,Peterson,epetersonf@xrea.com,Male,36,Seldom,true,200.201.23.181
17,Norma,King,nkingg@omniture.com,Female,89,Often,true,162.204.91.39
18,Margaret,Stanley,mstanleyh@reference.com,Female,20,Weekly,true,211.241.31.185
19,Thomas,Black,tblacki@networkadvertising.org,Male,75,Seldom,false,230.150.117.179
20,Rebecca,Hicks,rhicksj@canalblog.com,Female,32,Often,true,238.126.96.57
21,Andrew,Andrews,aandrewsk@blogspot.com,Male,60,Daily,false,159.147.226.152
22,Bonnie,Nguyen,bnguyenl@shinystat.com,Female,54,Seldom,false,48.52.143.23
23,Teresa,Dean,tdeanm@newsvine.com,Female,64,Monthly,false,81.49.161.99
24,Bonnie,Oliver,bolivern@ucla.edu,Female,84,Never,false,36.99.251.170
25,Ashley,Gordon,agordono@drupal.org,Female,35,Daily,false,148.155.156.118
26,Sharon,Banks,sbanksp@usnews.com,Female,85,Never,true,180.151.5.250
27,Jeremy,Woods,jwoodsq@epa.gov,Male,51,Daily,true,193.207.31.0
28,Mildred,Fields,mfieldsr@reverbnation.com,Female,40,Yearly,false,110.231.127.183
29,Paul,Gordon,pgordons@mayoclinic.com,Male,71,Often,true,240.36.244.4
30,Wanda,Ramos,wramost@army.mil,Female,70,Often,false,31.217.75.14
31,Dorothy,Powell,dpowellu@goo.ne.jp,Female,40,Weekly,false,4.93.52.46
32,Bruce,Powell,bpowellv@elegantthemes.com,Male,20,Yearly,true,245.254.135.81
33,Eugene,Nelson,enelsonw@networksolutions.com,Male,57,Never,false,42.61.234.146
34,Antonio,Griffin,agriffinx@istockphoto.com,Male,78,Seldom,false,96.9.249.136
35,James,Hayes,jhayesy@is.gd,Male,23,Once,true,211.228.171.55
36,Paula,Perez,pperezz@dmoz.org,Female,76,Monthly,true,145.19.94.60
37,Sandra,Lawrence,slawrence10@mozilla.com,Female,59,Daily,true,69.156.182.74
38,Charles,Hamilton,chamilton11@is.gd,Male,47,Yearly,true,0.217.63.105
39,Jesse,Carpenter,jcarpenter12@amazon.co.jp,Male,35,Monthly,true,81.215.144.105
40,Jane,Reed,jreed13@webeden.co.uk,Female,20,Often,true,148.40.15.70
41,Richard,Hughes,rhughes14@timesonline.co.uk,Male,68,Weekly,true,247.220.176.225
42,Albert,Simpson,asimpson15@rambler.ru,Male,65,Once,true,247.170.206.109
43,Tammy,Hernandez,thernandez16@freewebs.com,Female,59,Weekly,false,112.112.197.249
44,Lori,Brooks,lbrooks17@ifeng.com,Female,87,Never,false,141.214.68.174
45,Bonnie,Crawford,bcrawford18@i2i.jp,Female,36,Yearly,true,112.185.42.204
46,Alice,Rogers,arogers19@xinhuanet.com,Female,47,Monthly,false,243.37.178.52
47,Heather,Carpenter,hcarpenter1a@tinypic.com,Female,32,Once,true,133.156.114.193
48,Alice,Hansen,ahansen1b@histats.com,Female,62,Often,true,25.92.21.23
49,Martha,Stevens,mstevens1c@wix.com,Female,91,Often,true,20.129.54.68
50,Helen,Woods,hwoods1d@sourceforge.net,Female,17,Once,true,166.193.142.230
51,Antonio,Ryan,aryan1e@infoseek.co.jp,Male,59,Yearly,true,88.228.152.186
52,Billy,Collins,bcollins1f@elegantthemes.com,Male,68,Daily,true,49.58.19.115
53,Janet,Sims,jsims1g@shutterfly.com,Female,74,Seldom,false,71.82.246.27
54,Patricia,Reed,preed1h@columbia.edu,Female,26,Monthly,false,123.2.178.177
55,Amy,Mcdonald,amcdonald1i@gizmodo.com,Female,40,Yearly,true,232.5.90.100
56,Marilyn,Perez,mperez1j@plala.or.jp,Female,61,Never,true,192.152.7.151
57,Dennis,Porter,dporter1k@gravatar.com,Male,64,Weekly,true,165.182.120.222
58,Douglas,Carter,dcarter1l@mail.ru,Male,65,Monthly,true,227.113.169.192
59,Heather,Hunt,hhunt1m@wisc.edu,Female,29,Yearly,false,28.210.136.224
60,Louise,Turner,lturner1n@arizona.edu,Female,90,Monthly,true,131.11.75.247
61,Christine,Jones,cjones1o@blogtalkradio.com,Female,43,Seldom,false,114.250.242.13
62,Gerald,Gutierrez,ggutierrez1p@newyorker.com,Male,49,Never,false,80.251.36.42
63,Janice,Stone,jstone1q@bbc.co.uk,Female,71,Daily,true,125.201.187.103
64,Bruce,Ross,bross1r@mozilla.org,Male,74,Seldom,true,221.249.17.76
65,Christine,Butler,cbutler1s@lulu.com,Female,43,Yearly,false,223.220.10.164
66,Dorothy,Montgomery,dmontgomery1t@wordpress.com,Female,40,Seldom,true,151.38.78.142
67,Theresa,Welch,twelch1u@barnesandnoble.com,Female,33,Daily,true,198.186.173.15
68,Brenda,Vasquez,bvasquez1v@vistaprint.com,Female,47,Monthly,true,229.38.101.111
69,Jacqueline,Garrett,jgarrett1w@cam.ac.uk,Female,53,Daily,true,138.23.34.77
70,Maria,Murphy,mmurphy1x@earthlink.net,Female,63,Once,true,162.45.3.214
71,Sean,Richardson,srichardson1y@springer.com,Male,50,Often,true,221.169.28.24
72,Fred,Boyd,fboyd1z@cyberchimps.com,Male,18,Daily,false,163.94.255.84
73,Martin,Frazier,mfrazier20@home.pl,Male,16,Never,false,179.127.127.16
74,William,Porter,wporter21@wisc.edu,Male,28,Once,true,216.194.219.124
75,Catherine,Gutierrez,cgutierrez22@mac.com,Female,51,Never,false,168.52.93.58
76,Joyce,Bryant,jbryant23@blogtalkradio.com,Female,76,Daily,true,195.82.43.43
77,Russell,Robertson,rrobertson24@imgur.com,Male,33,Once,true,83.217.94.146
78,Jeffrey,Rivera,jrivera25@icio.us,Male,76,Never,false,121.2.41.211
79,Roger,Bailey,rbailey26@sun.com,Male,76,Weekly,true,201.155.130.122
80,Lawrence,Williams,lwilliams27@facebook.com,Male,47,Often,true,101.104.50.89
81,Paula,Ward,pward28@fc2.com,Female,25,Yearly,true,77.208.77.157
82,Ruby,Brown,rbrown29@ycombinator.com,Female,63,Monthly,false,74.74.157.26
83,Nicholas,Kelly,nkelly2a@twitter.com,Male,96,Often,false,117.231.206.185
84,Elizabeth,Wagner,ewagner2b@indiatimes.com,Female,39,Often,true,173.24.61.185
85,Barbara,Flores,bflores2c@marketwatch.com,Female,42,Monthly,false,52.86.21.232
86,Gerald,Alexander,galexander2d@e-recht24.de,Male,37,Yearly,false,34.127.34.103
87,Judith,Hill,jhill2e@spiegel.de,Female,68,Monthly,false,106.148.205.75
88,Sandra,Austin,saustin2f@live.com,Female,91,Weekly,false,107.125.235.191
89,Denise,Spencer,dspencer2g@clickbank.net,Female,38,Yearly,false,177.232.210.86
90,Richard,Shaw,rshaw2h@cbc.ca,Male,22,Weekly,true,245.106.13.112
91,Carol,Harris,charris2i@cbsnews.com,Female,77,Often,true,26.130.43.61
92,Annie,Hill,ahill2j@ucoz.com,Female,54,Monthly,false,0.99.161.237
93,Louise,Lewis,llewis2k@cbsnews.com,Female,73,Monthly,true,30.142.228.156
94,Lois,Gonzalez,lgonzalez2l@bigcartel.com,Female,61,Daily,true,214.148.147.10
95,Albert,Rivera,arivera2m@tiny.cc,Male,32,Often,true,97.247.216.203
96,Arthur,Coleman,acoleman2n@skype.com,Male,66,Yearly,true,225.238.63.245
97,Kathy,Ross,kross2o@arizona.edu,Female,61,Daily,true,95.19.212.29
98,Brandon,Schmidt,bschmidt2p@ucsd.edu,Male,33,Monthly,false,147.78.144.116
99,Irene,Andrews,iandrews2q@state.tx.us,Female,23,Never,true,193.181.229.124
100,Janice,Ross,jross2r@discuz.net,Female,31,Once,true,94.68.33.167
101,John,Gutierrez,jgutierrez2s@google.pl,Male,96,Daily,true,97.238.116.131
102,Cheryl,Hudson,chudson2t@hc360.com,Female,94,Never,false,139.30.99.187
103,Beverly,Gonzales,bgonzales2u@dot.gov,Female,81,Once,false,191.231.52.130
104,Raymond,Garcia,rgarcia2v@dyndns.org,Male,51,Never,false,215.80.236.214
105,Janice,Crawford,jcrawford2w@liveinternet.ru,Female,52,Daily,false,115.145.153.119
106,Diane,Peters,dpeters2x@comcast.net,Female,24,Yearly,true,6.150.235.66
107,Joan,Evans,jevans2y@latimes.com,Female,50,Weekly,false,164.34.16.87
108,Norma,Bell,nbell2z@earthlink.net,Female,27,Weekly,true,14.12.54.206
109,Cheryl,Griffin,cgriffin30@storify.com,Female,40,Weekly,true,181.84.156.226
110,Jessica,Patterson,jpatterson31@nih.gov,Female,25,Weekly,false,40.70.164.7
111,Bonnie,Perkins,bperkins32@independent.co.uk,Female,65,Daily,false,229.253.158.36
112,George,Gordon,ggordon33@histats.com,Male,52,Weekly,true,22.149.8.216
113,Jonathan,Flores,jflores34@si.edu,Male,96,Monthly,false,124.215.173.88
114,Doris,Grant,dgrant35@businesswire.com,Female,72,Never,false,221.246.191.237
115,Johnny,Rose,jrose36@sfgate.com,Male,41,Often,true,29.79.33.65
116,Samuel,Nichols,snichols37@google.de,Male,64,Seldom,true,214.105.9.96
117,Jimmy,Daniels,jdaniels38@bloomberg.com,Male,69,Once,false,172.5.170.228
118,Gerald,Perez,gperez39@harvard.edu,Male,87,Never,false,33.110.195.119
119,Mildred,Sanchez,msanchez3a@sourceforge.net,Female,19,Never,true,147.13.193.56
120,Joseph,Williams,jwilliams3b@stumbleupon.com,Male,21,Weekly,false,186.93.48.192
121,Jeremy,James,jjames3c@networkadvertising.org,Male,41,Yearly,true,116.164.16.64
122,Raymond,Jenkins,rjenkins3d@amazon.de,Male,92,Monthly,true,3.99.11.18
123,Carl,Wood,cwood3e@arizona.edu,Male,88,Weekly,false,85.188.56.81
124,Victor,Washington,vwashington3f@i2i.jp,Male,90,Once,true,224.76.225.33
125,Brandon,Hunt,bhunt3g@npr.org,Male,93,Weekly,true,197.54.119.230
126,Melissa,Garza,mgarza3h@dyndns.org,Female,64,Never,true,53.104.61.55
127,Joan,Banks,jbanks3i@ted.com,Female,82,Seldom,false,228.5.41.32
128,Laura,Gordon,lgordon3j@hibu.com,Female,87,Often,false,220.252.106.214
129,Ann,Phillips,aphillips3k@utexas.edu,Female,72,Daily,true,231.170.203.43
130,Bonnie,Garrett,bgarrett3l@hao123.com,Female,44,Often,true,68.88.70.249
131,Debra,Freeman,dfreeman3m@paypal.com,Female,78,Yearly,true,50.59.15.3
132,Michelle,George,mgeorge3n@pcworld.com,Female,72,Monthly,true,10.37.45.128
133,Jimmy,Smith,jsmith3o@nhs.uk,Male,84,Never,true,106.115.155.122
134,Phyllis,Richards,prichards3p@ucoz.ru,Female,57,Daily,true,169.207.84.255
135,Janice,Hunter,jhunter3q@imdb.com,Female,72,Weekly,false,184.76.213.103
136,Lisa,Adams,ladams3r@si.edu,Female,21,Never,true,173.190.0.222
137,Gerald,Henry,ghenry3s@msn.com,Male,76,Seldom,false,182.136.38.12
138,Beverly,Arnold,barnold3t@wired.com,Female,59,Daily,false,2.98.52.174
139,Shawn,Nguyen,snguyen3u@flickr.com,Male,71,Once,true,226.127.46.167
140,Pamela,Ramos,pramos3v@odnoklassniki.ru,Female,92,Yearly,false,153.100.138.110
141,Virginia,Gilbert,vgilbert3w@myspace.com,Female,89,Never,true,148.248.73.251
142,Jose,Gardner,jgardner3x@oracle.com,Male,79,Monthly,true,187.107.169.132
143,Arthur,Watson,awatson3y@reverbnation.com,Male,34,Daily,false,212.221.91.212
144,Cheryl,Young,cyoung3z@theguardian.com,Female,58,Weekly,true,73.130.78.223
145,Peter,Powell,ppowell40@people.com.cn,Male,86,Seldom,false,22.249.172.219
146,Robin,Harris,rharris41@fc2.com,Female,96,Once,false,165.177.44.159
147,Daniel,Perry,dperry42@marketwatch.com,Male,79,Daily,true,155.35.169.53
148,Joe,Kim,jkim43@buzzfeed.com,Male,80,Yearly,false,196.232.40.246
149,Harold,Marshall,hmarshall44@epa.gov,Male,25,Often,true,121.217.134.94
150,Ashley,Fisher,afisher45@google.pl,Female,68,Daily,true,150.232.230.95
151,Christina,Baker,cbaker46@hibu.com,Female,51,Yearly,false,158.3.241.139
152,Kenneth,Graham,kgraham47@ibm.com,Male,90,Never,true,65.148.169.221
153,Janet,Robertson,jrobertson48@yandex.ru,Female,22,Never,true,74.183.157.79
154,Judy,Morris,jmorris49@imageshack.us,Female,29,Once,true,167.185.6.180
155,Mark,Gutierrez,mgutierrez4a@timesonline.co.uk,Male,48,Seldom,true,129.115.14.255
156,Cynthia,Evans,cevans4b@fotki.com,Female,44,Daily,false,10.54.63.148
157,Paula,Moreno,pmoreno4c@newyorker.com,Female,71,Yearly,false,41.15.193.40
158,Kelly,Holmes,kholmes4d@sphinn.com,Female,24,Monthly,false,9.24.237.13
159,Harold,Gordon,hgordon4e@yellowpages.com,Male,25,Once,true,45.203.119.222
160,Billy,Cooper,bcooper4f@1und1.de,Male,36,Daily,true,89.161.109.93
161,Bobby,Harvey,bharvey4g@prweb.com,Male,83,Weekly,false,212.31.250.202
162,Sean,Gardner,sgardner4h@imageshack.us,Male,32,Seldom,true,17.78.7.196
163,Jeffrey,Simmons,jsimmons4i@cocolog-nifty.com,Male,68,Never,true,132.188.30.33
164,Todd,Fisher,tfisher4j@xinhuanet.com,Male,32,Seldom,true,93.202.44.195
165,Clarence,Willis,cwillis4k@yellowbook.com,Male,71,Once,true,152.193.84.15
166,Brenda,Evans,bevans4l@vkontakte.ru,Female,96,Once,false,197.181.153.29
167,Patricia,Moore,pmoore4m@cbc.ca,Female,62,Yearly,true,131.239.19.253
168,Jimmy,Andrews,jandrews4n@comcast.net,Male,36,Yearly,false,61.91.64.151
169,Eric,Dean,edean4o@netlog.com,Male,63,Once,true,197.38.55.86
170,Rebecca,Marshall,rmarshall4p@csmonitor.com,Female,83,Never,true,22.232.146.93
171,John,Wood,jwood4q@lulu.com,Male,50,Seldom,false,171.150.131.238
172,Louis,Sullivan,lsullivan4r@arizona.edu,Male,65,Often,true,80.12.38.70
173,Tina,Adams,tadams4s@blogs.com,Female,39,Once,false,195.176.7.69
174,Ann,Price,aprice4t@altervista.org,Female,93,Yearly,false,214.75.10.90
175,Rose,Robinson,rrobinson4u@t.co,Female,57,Seldom,false,94.112.195.210
176,Albert,Ray,aray4v@addtoany.com,Male,36,Once,true,204.79.6.123
177,Michael,Edwards,medwards4w@shop-pro.jp,Male,50,Yearly,true,130.151.154.199
178,Steven,Palmer,spalmer4x@noaa.gov,Male,74,Monthly,false,43.234.139.182
179,Melissa,Burke,mburke4y@scribd.com,Female,61,Once,false,74.170.157.208
180,Phillip,Campbell,pcampbell4z@123-reg.co.uk,Male,85,Often,true,245.93.214.98
181,Diana,Sims,dsims50@freewebs.com,Female,48,Seldom,true,241.145.236.62
182,Norma,Johnston,njohnston51@deviantart.com,Female,96,Monthly,false,96.250.191.6
183,Beverly,Shaw,bshaw52@geocities.com,Female,34,Yearly,true,200.166.12.151
184,Phyllis,Anderson,panderson53@utexas.edu,Female,23,Never,true,19.72.163.190
185,Patricia,Riley,priley54@apache.org,Female,22,Often,false,186.56.227.56
186,Earl,George,egeorge55@howstuffworks.com,Male,59,Daily,true,12.93.7.61
187,Bonnie,Weaver,bweaver56@washingtonpost.com,Female,70,Often,false,225.35.71.43
188,Mark,Peters,mpeters57@hugedomains.com,Male,30,Often,true,47.100.37.255
189,Sandra,Baker,sbaker58@yellowbook.com,Female,31,Once,true,194.18.121.127
190,Melissa,Bowman,mbowman59@businesswire.com,Female,81,Seldom,false,28.83.49.70
191,Carlos,Flores,cflores5a@earthlink.net,Male,93,Daily,true,125.126.0.163
192,Ruby,Ortiz,rortiz5b@opensource.org,Female,85,Monthly,false,227.207.134.34
193,Ryan,Knight,rknight5c@rambler.ru,Male,40,Often,false,175.73.193.208
194,Theresa,Owens,towens5d@skyrock.com,Female,39,Once,true,185.74.171.239
195,Sara,Fowler,sfowler5e@furl.net,Female,26,Weekly,false,208.23.165.231
196,Sarah,Stevens,sstevens5f@geocities.jp,Female,52,Once,true,190.30.51.93
197,Joyce,Stephens,jstephens5g@fema.gov,Female,42,Weekly,true,180.12.131.93
198,Carlos,Ford,cford5h@dailymotion.com,Male,17,Once,false,173.173.213.119
199,Laura,Gutierrez,lgutierrez5i@tamu.edu,Female,23,Monthly,true,163.119.33.249
200,Ruby,Lee,rlee5j@reference.com,Female,48,Weekly,true,53.16.196.88
201,Frances,Evans,fevans5k@washingtonpost.com,Female,26,Once,false,85.250.237.110
202,Virginia,Lynch,vlynch5l@dropbox.com,Female,24,Daily,true,135.157.152.136
203,Martha,Lawrence,mlawrence5m@mozilla.com,Female,82,Seldom,true,41.169.213.240
204,William,Shaw,wshaw5n@omniture.com,Male,38,Yearly,false,13.39.24.173
205,Ruth,Vasquez,rvasquez5o@toplist.cz,Female,65,Seldom,true,181.15.192.169
206,Tina,Berry,tberry5p@goodreads.com,Female,70,Often,true,205.106.115.153
207,Kathleen,Lee,klee5q@alibaba.com,Female,18,Never,true,163.80.68.73
208,Lois,Jacobs,ljacobs5r@gmpg.org,Female,86,Once,false,255.124.21.132
209,Karen,Morgan,kmorgan5s@surveymonkey.com,Female,75,Weekly,false,117.244.159.6
210,Theresa,Gonzalez,tgonzalez5t@omniture.com,Female,61,Never,false,17.163.84.25
211,Patricia,Spencer,pspencer5u@flavors.me,Female,30,Often,false,181.225.213.66
212,Jonathan,Richardson,jrichardson5v@ftc.gov,Male,56,Once,true,46.44.78.214
213,Raymond,Arnold,rarnold5w@cpanel.net,Male,82,Daily,true,216.195.140.78
214,Carolyn,Sullivan,csullivan5x@telegraph.co.uk,Female,65,Seldom,false,106.215.235.196
215,Diane,Little,dlittle5y@archive.org,Female,96,Once,false,197.87.32.210
216,Randy,Burns,rburns5z@huffingtonpost.com,Male,50,Often,true,15.173.128.162
217,Justin,Knight,jknight60@devhub.com,Male,45,Often,true,250.54.224.219
218,Ruth,Berry,rberry61@histats.com,Female,39,Monthly,false,58.226.62.156
219,Cynthia,Nichols,cnichols62@themeforest.net,Female,87,Once,true,22.7.79.31
220,Jonathan,Richards,jrichards63@pagesperso-orange.fr,Male,70,Daily,false,35.127.176.94
221,Gregory,Butler,gbutler64@cbc.ca,Male,72,Daily,false,232.81.63.190
222,Adam,King,aking65@1und1.de,Male,74,Never,false,248.21.29.36
223,Jose,Hughes,jhughes66@elegantthemes.com,Male,32,Yearly,false,51.51.46.206
224,Frank,Parker,fparker67@spotify.com,Male,36,Daily,true,31.180.19.184
225,Samuel,Young,syoung68@people.com.cn,Male,65,Once,true,14.29.237.19
226,Anna,Lane,alane69@newyorker.com,Female,67,Weekly,false,164.171.98.102
227,Johnny,Stewart,jstewart6a@dion.ne.jp,Male,63,Daily,false,185.133.224.160
228,Virginia,James,vjames6b@yolasite.com,Female,24,Never,true,231.178.255.133
229,Jane,Duncan,jduncan6c@vk.com,Female,68,Yearly,true,36.146.68.165
230,Nancy,Griffin,ngriffin6d@prlog.org,Female,71,Once,false,73.204.151.2
231,Amy,Sullivan,asullivan6e@bbc.co.uk,Female,76,Yearly,false,176.234.151.126
232,Nicole,Richardson,nrichardson6f@google.ca,Female,69,Never,true,84.249.51.105
233,Albert,Kim,akim6g@xrea.com,Male,59,Often,true,90.2.31.199
234,Henry,Burton,hburton6h@storify.com,Male,84,Once,false,3.43.143.76
235,Brian,Coleman,bcoleman6i@artisteer.com,Male,51,Never,false,181.184.141.147
236,Nicholas,Gomez,ngomez6j@meetup.com,Male,44,Often,false,234.171.57.165
237,Sean,Williams,swilliams6k@i2i.jp,Male,79,Weekly,true,14.253.82.218
238,Karen,Weaver,kweaver6l@google.com.br,Female,57,Yearly,true,83.240.126.199
239,Jonathan,Allen,jallen6m@soup.io,Male,29,Yearly,true,36.242.183.15
240,Pamela,Matthews,pmatthews6n@histats.com,Female,58,Once,false,230.110.71.175
241,Christine,Warren,cwarren6o@networksolutions.com,Female,40,Monthly,true,81.141.74.223
242,Billy,Peterson,bpeterson6p@utexas.edu,Male,72,Monthly,true,120.237.110.115
243,Joyce,Reyes,jreyes6q@typepad.com,Female,72,Seldom,true,1.141.216.105
244,Peter,Larson,plarson6r@privacy.gov.au,Male,72,Weekly,false,129.44.148.4
245,Scott,Wilson,swilson6s@360.cn,Male,37,Weekly,true,140.15.102.213
246,Lois,Jordan,ljordan6t@vkontakte.ru,Female,61,Seldom,false,143.80.232.123
247,Ann,Ferguson,aferguson6u@stumbleupon.com,Female,32,Yearly,false,39.176.96.117
248,Jonathan,Ward,jward6v@huffingtonpost.com,Male,66,Weekly,true,127.87.140.238
249,Clarence,Kim,ckim6w@stanford.edu,Male,17,Once,false,54.244.8.125
250,Bonnie,Burns,bburns6x@cdc.gov,Female,26,Yearly,false,241.106.255.161
251,Karen,Cunningham,kcunningham6y@dailymail.co.uk,Female,38,Daily,false,23.127.101.126
252,Douglas,Franklin,dfranklin6z@forbes.com,Male,31,Often,false,208.91.227.219
253,Steve,Young,syoung70@ucla.edu,Male,62,Daily,false,187.39.95.15
254,Ryan,Lawrence,rlawrence71@istockphoto.com,Male,16,Yearly,true,216.34.67.243
255,Bonnie,Gordon,bgordon72@taobao.com,Female,87,Daily,false,29.174.79.236
256,Stephanie,Fernandez,sfernandez73@pbs.org,Female,54,Daily,true,152.27.194.158
257,Larry,Hicks,lhicks74@ca.gov,Male,63,Yearly,true,143.50.254.229
258,Dennis,Washington,dwashington75@slate.com,Male,53,Once,true,223.161.45.232
259,Eugene,Mason,emason76@businessinsider.com,Male,62,Once,false,9.237.199.145
260,Frances,Cole,fcole77@ehow.com,Female,39,Weekly,true,68.227.251.33
261,Joseph,Harper,jharper78@usgs.gov,Male,54,Never,false,15.129.22.45
262,Thomas,Banks,tbanks79@google.fr,Male,21,Often,false,235.108.72.3
263,Frank,Warren,fwarren7a@spiegel.de,Male,53,Once,true,241.118.195.87
264,Margaret,Daniels,mdaniels7b@si.edu,Female,91,Monthly,false,76.84.121.235
265,David,Burke,dburke7c@aboutads.info,Male,39,Weekly,true,136.73.97.225
266,Elizabeth,Andrews,eandrews7d@zimbio.com,Female,20,Never,true,120.63.53.61
267,Terry,Graham,tgraham7e@bbb.org,Male,64,Daily,true,178.194.49.163
268,Ruby,Gardner,rgardner7f@so-net.ne.jp,Female,79,Once,false,208.13.26.173
269,Ronald,Fox,rfox7g@xinhuanet.com,Male,77,Weekly,true,186.27.135.165
270,Clarence,Stephens,cstephens7h@barnesandnoble.com,Male,74,Often,true,215.82.94.202
271,Patricia,Gordon,pgordon7i@princeton.edu,Female,34,Monthly,true,87.3.237.254
272,Sara,Chapman,schapman7j@independent.co.uk,Female,33,Yearly,false,125.104.17.180
273,Samuel,Washington,swashington7k@macromedia.com,Male,28,Seldom,true,253.202.238.207
274,Lillian,Murray,lmurray7l@privacy.gov.au,Female,19,Often,false,17.243.175.117
275,Gloria,Wood,gwood7m@boston.com,Female,20,Seldom,false,181.209.60.105
276,Jonathan,Bell,jbell7n@printfriendly.com,Male,70,Once,true,26.59.143.66
277,Carolyn,Owens,cowens7o@wikimedia.org,Female,61,Seldom,false,164.8.12.85
278,Diana,Hunter,dhunter7p@alexa.com,Female,22,Yearly,false,65.249.241.132
279,Kimberly,Stanley,kstanley7q@toplist.cz,Female,73,Daily,false,249.156.63.156
280,Brian,Ellis,bellis7r@blogs.com,Male,37,Monthly,true,75.151.139.98
281,Susan,Wheeler,swheeler7s@upenn.edu,Female,25,Monthly,false,62.214.179.232
282,Marie,White,mwhite7t@people.com.cn,Female,35,Once,false,95.127.170.106
283,Todd,Taylor,ttaylor7u@twitpic.com,Male,42,Once,false,172.236.137.88
284,Catherine,Allen,callen7v@house.gov,Female,78,Often,false,188.123.84.84
285,Nicholas,Hughes,nhughes7w@statcounter.com,Male,58,Once,false,5.231.244.47
286,George,Smith,gsmith7x@de.vu,Male,96,Once,true,175.119.200.142
287,Carlos,Frazier,cfrazier7y@uol.com.br,Male,25,Weekly,true,92.199.175.110
288,Ann,Sullivan,asullivan7z@opera.com,Female,42,Seldom,true,136.24.32.15
289,Robert,Walker,rwalker80@canalblog.com,Male,24,Once,false,223.118.141.119
290,Laura,Mcdonald,lmcdonald81@sun.com,Female,67,Daily,true,108.242.170.91
291,Kimberly,Patterson,kpatterson82@ebay.co.uk,Female,54,Never,true,133.166.46.243
292,Ruby,Burton,rburton83@china.com.cn,Female,66,Never,true,111.236.154.34
293,Stephanie,Russell,srussell84@blogger.com,Female,50,Never,false,42.230.25.235
294,Joseph,Kelly,jkelly85@google.ca,Male,59,Yearly,true,187.219.45.82
295,Teresa,Ross,tross86@chronoengine.com,Female,83,Yearly,false,58.147.137.106
296,Ernest,Andrews,eandrews87@is.gd,Male,63,Once,true,237.62.7.188
297,Timothy,Ruiz,truiz88@bloomberg.com,Male,60,Monthly,true,86.110.74.132
298,Sean,Reed,sreed89@comcast.net,Male,90,Weekly,false,212.219.225.233
299,Melissa,Henry,mhenry8a@php.net,Female,41,Once,true,20.67.119.59
300,Todd,Ruiz,truiz8b@thetimes.co.uk,Male,88,Seldom,true,127.211.254.73
301,Alice,Wheeler,awheeler8c@google.cn,Female,72,Yearly,false,21.159.103.16
302,Christine,Diaz,cdiaz8d@imgur.com,Female,59,Once,true,32.178.143.170
303,Mark,Holmes,mholmes8e@so-net.ne.jp,Male,16,Seldom,false,141.73.191.32
304,Lawrence,Meyer,lmeyer8f@usatoday.com,Male,43,Once,false,55.86.174.29
305,Barbara,Harris,bharris8g@tuttocitta.it,Female,55,Often,false,213.79.118.175
306,Kevin,Diaz,kdiaz8h@trellian.com,Male,38,Daily,false,192.29.81.117
307,Terry,Oliver,toliver8i@netlog.com,Male,53,Monthly,false,69.88.5.103
308,Shirley,Thompson,sthompson8j@imgur.com,Female,62,Daily,false,22.109.94.211
309,Irene,Reyes,ireyes8k@printfriendly.com,Female,22,Monthly,false,226.208.239.52
310,Adam,Mitchell,amitchell8l@examiner.com,Male,81,Never,true,11.107.135.153
311,Ernest,Davis,edavis8m@google.cn,Male,76,Often,true,249.231.12.123
312,Helen,Jacobs,hjacobs8n@sohu.com,Female,56,Yearly,true,39.216.147.7
313,Christine,Webb,cwebb8o@samsung.com,Female,60,Monthly,true,133.27.207.117
314,Chris,Lawrence,clawrence8p@artisteer.com,Male,65,Monthly,false,223.101.131.135
315,Roy,Romero,rromero8q@twitter.com,Male,59,Once,true,185.210.222.44
316,Matthew,Morris,mmorris8r@lulu.com,Male,19,Never,false,21.21.64.157
317,Scott,Foster,sfoster8s@sciencedirect.com,Male,96,Monthly,true,85.93.27.34
318,Theresa,Ford,tford8t@people.com.cn,Female,67,Daily,false,98.119.54.4
319,Larry,Gonzalez,lgonzalez8u@wikia.com,Male,55,Monthly,false,12.207.172.245
320,Scott,Stone,sstone8v@theatlantic.com,Male,64,Weekly,false,23.49.38.2
321,Melissa,Walker,mwalker8w@mozilla.com,Female,90,Yearly,true,198.47.187.63
322,Lois,Williams,lwilliams8x@nba.com,Female,20,Often,true,87.19.209.83
323,Shawn,Johnson,sjohnson8y@senate.gov,Male,29,Never,true,124.223.51.125
324,Michelle,Garcia,mgarcia8z@usatoday.com,Female,83,Once,false,37.191.199.53
325,Deborah,Crawford,dcrawford90@nymag.com,Female,70,Once,true,187.215.130.145
326,Catherine,Davis,cdavis91@51.la,Female,39,Often,true,119.54.99.59
327,Peter,Williams,pwilliams92@zimbio.com,Male,88,Monthly,false,100.0.84.72
328,Gregory,Sims,gsims93@mit.edu,Male,60,Monthly,false,97.213.153.104
329,Jose,Rivera,jrivera94@typepad.com,Male,48,Once,true,209.116.120.79
330,Julia,Lawrence,jlawrence95@wikia.com,Female,34,Often,false,149.56.10.46
331,Martha,Harrison,mharrison96@slideshare.net,Female,72,Yearly,true,127.70.74.137
332,Shirley,Jordan,sjordan97@home.pl,Female,42,Often,false,201.185.165.144
333,Diane,Perkins,dperkins98@skyrock.com,Female,21,Yearly,false,215.138.108.22
334,Gloria,Peters,gpeters99@miibeian.gov.cn,Female,49,Often,false,75.156.218.213
335,Frank,Bailey,fbailey9a@washington.edu,Male,34,Never,false,195.234.66.220
336,Brian,Morales,bmorales9b@macromedia.com,Male,83,Weekly,true,106.133.188.233
337,Maria,Richards,mrichards9c@census.gov,Female,92,Never,true,249.171.1.89
338,Wayne,Hicks,whicks9d@livejournal.com,Male,61,Seldom,false,225.52.54.28
339,Denise,Young,dyoung9e@harvard.edu,Female,68,Weekly,false,99.44.191.53
340,Phyllis,Evans,pevans9f@twitter.com,Female,60,Weekly,true,21.203.93.124
341,Frances,Weaver,fweaver9g@bbb.org,Female,56,Monthly,false,89.163.169.220
342,Arthur,Little,alittle9h@xing.com,Male,79,Daily,true,198.251.249.49
343,Bobby,Duncan,bduncan9i@cam.ac.uk,Male,64,Weekly,true,60.176.11.26
344,Fred,Murphy,fmurphy9j@meetup.com,Male,81,Weekly,true,237.244.185.5
345,Eugene,Fuller,efuller9k@deliciousdays.com,Male,92,Never,false,156.219.201.43
346,Susan,Griffin,sgriffin9l@angelfire.com,Female,37,Often,true,145.159.34.174
347,Ronald,Cole,rcole9m@topsy.com,Male,52,Monthly,true,29.186.109.247
348,Paul,Mcdonald,pmcdonald9n@mozilla.com,Male,69,Monthly,false,204.25.56.202
349,Ernest,Foster,efoster9o@sogou.com,Male,96,Monthly,true,8.156.178.247
350,Linda,Campbell,lcampbell9p@intel.com,Female,17,Often,false,224.100.105.160
351,Diane,Ward,dward9q@paypal.com,Female,83,Daily,false,243.74.172.234
352,Roger,Palmer,rpalmer9r@sohu.com,Male,28,Seldom,false,99.197.42.14
353,Aaron,Lawrence,alawrence9s@mayoclinic.com,Male,64,Seldom,false,189.116.14.35
354,Gerald,Grant,ggrant9t@biblegateway.com,Male,76,Yearly,true,119.52.222.38
355,Catherine,Alexander,calexander9u@blog.com,Female,72,Seldom,false,155.80.101.141
356,Cynthia,Ross,cross9v@seesaa.net,Female,64,Seldom,false,236.188.163.69
357,Emily,Price,eprice9w@miitbeian.gov.cn,Female,49,Never,true,138.120.146.189
358,Jane,Torres,jtorres9x@gravatar.com,Female,46,Monthly,true,42.234.37.134
359,James,Allen,jallen9y@bbc.co.uk,Male,64,Seldom,false,176.0.176.209
360,Jose,Moreno,jmoreno9z@goodreads.com,Male,94,Seldom,false,107.176.178.199
361,Gregory,Alvarez,galvareza0@usda.gov,Male,54,Often,false,121.104.84.126
362,Diane,King,dkinga1@adobe.com,Female,82,Seldom,true,251.70.153.245
363,Phyllis,Davis,pdavisa2@blinklist.com,Female,38,Monthly,false,24.208.151.242
364,Brian,Garza,bgarzaa3@vimeo.com,Male,25,Daily,false,195.165.0.57
365,Jonathan,Cruz,jcruza4@merriam-webster.com,Male,16,Monthly,true,228.185.236.78
366,Arthur,Wheeler,awheelera5@mapquest.com,Male,48,Once,true,222.240.102.244
367,Kevin,Mills,kmillsa6@vkontakte.ru,Male,79,Once,true,43.134.99.90
368,Linda,Lane,llanea7@booking.com,Female,89,Once,true,86.252.238.34
369,William,Bailey,wbaileya8@columbia.edu,Male,32,Yearly,false,136.102.53.67
370,Charles,Gilbert,cgilberta9@amazonaws.com,Male,81,Never,false,204.144.70.0
371,Nicole,Mills,nmillsaa@cpanel.net,Female,75,Never,true,114.209.209.157
372,Julia,Greene,jgreeneab@aboutads.info,Female,31,Monthly,true,61.70.127.46
373,Angela,Wells,awellsac@a8.net,Female,57,Once,true,57.187.69.84
374,Jane,Bryant,jbryantad@unblog.fr,Female,89,Never,false,58.132.129.151
375,Barbara,Watson,bwatsonae@ftc.gov,Female,17,Once,true,130.160.201.108
376,Linda,Wood,lwoodaf@vinaora.com,Female,55,Often,false,226.210.221.197
377,Diane,Diaz,ddiazag@oakley.com,Female,35,Weekly,false,160.240.183.16
378,Jimmy,Hunt,jhuntah@upenn.edu,Male,70,Weekly,false,113.28.125.180
379,Jeffrey,Adams,jadamsai@webs.com,Male,50,Daily,true,225.142.50.9
380,Jesse,Jenkins,jjenkinsaj@instagram.com,Male,79,Never,false,254.122.196.68
381,Raymond,Anderson,randersonak@examiner.com,Male,55,Yearly,true,84.65.15.37
382,Theresa,Duncan,tduncanal@google.nl,Female,29,Seldom,true,119.144.218.221
383,Larry,Ryan,lryanam@ucoz.ru,Male,58,Yearly,false,27.73.176.223
384,Johnny,Peterson,jpetersonan@indiegogo.com,Male,78,Seldom,true,2.53.203.106
385,Margaret,Hanson,mhansonao@bloglines.com,Female,44,Often,false,108.219.126.22
386,Katherine,Holmes,kholmesap@webs.com,Female,95,Once,false,205.224.107.36
387,Howard,Garcia,hgarciaaq@hud.gov,Male,37,Yearly,true,75.15.1.107
388,Johnny,Daniels,jdanielsar@tripadvisor.com,Male,87,Daily,false,115.111.114.52
389,Mildred,Martin,mmartinas@xing.com,Female,91,Often,false,29.193.224.164
390,Diana,Myers,dmyersat@techcrunch.com,Female,30,Weekly,true,239.186.0.213
391,Andrew,Larson,alarsonau@cargocollective.com,Male,27,Daily,false,250.201.131.35
392,Diana,Bryant,dbryantav@nps.gov,Female,88,Often,true,245.219.176.70
393,Bruce,Rivera,briveraaw@ow.ly,Male,91,Once,false,239.203.218.161
394,Joe,Moore,jmooreax@tumblr.com,Male,94,Never,false,18.0.126.223
395,Bonnie,Lopez,blopezay@addthis.com,Female,81,Never,false,11.44.81.100
396,Stephen,Fox,sfoxaz@timesonline.co.uk,Male,34,Daily,true,195.231.41.206
397,Linda,Alvarez,lalvarezb0@who.int,Female,84,Yearly,true,12.166.194.58
398,Amy,Young,ayoungb1@fc2.com,Female,38,Seldom,true,225.200.134.179
399,Evelyn,Austin,eaustinb2@admin.ch,Female,44,Monthly,false,232.238.230.124
400,Jean,Hansen,jhansenb3@stanford.edu,Female,58,Daily,false,229.122.238.133
401,Evelyn,Ford,efordb4@amazon.co.uk,Female,56,Once,true,189.32.216.20
402,Mark,Morris,mmorrisb5@dyndns.org,Male,38,Never,false,79.248.32.207
403,John,Berry,jberryb6@intel.com,Male,87,Never,true,168.0.54.0
404,Annie,Lopez,alopezb7@wikipedia.org,Female,22,Yearly,false,42.222.121.185
405,Barbara,Ramos,bramosb8@stumbleupon.com,Female,40,Seldom,true,53.104.210.68
406,Gary,Murphy,gmurphyb9@hugedomains.com,Male,16,Seldom,true,238.250.198.81
407,Irene,Bryant,ibryantba@woothemes.com,Female,68,Seldom,false,253.183.4.202
408,Andrew,Alvarez,aalvarezbb@php.net,Male,91,Weekly,true,255.80.81.23
409,Louise,Hart,lhartbc@businessweek.com,Female,64,Monthly,true,142.208.177.86
410,Adam,Wheeler,awheelerbd@yandex.ru,Male,46,Weekly,true,51.191.5.152
411,Antonio,Alexander,aalexanderbe@craigslist.org,Male,39,Seldom,false,6.229.182.85
412,Jesse,Holmes,jholmesbf@usda.gov,Male,62,Monthly,false,9.63.100.48
413,Emily,Hernandez,ehernandezbg@google.com.hk,Female,95,Monthly,false,141.133.89.111
414,Phillip,Lewis,plewisbh@apache.org,Male,17,Monthly,false,191.122.29.28
415,Alice,Kennedy,akennedybi@list-manage.com,Female,55,Seldom,false,10.32.42.72
416,Samuel,Gardner,sgardnerbj@a8.net,Male,45,Monthly,true,228.242.58.137
417,Willie,Fields,wfieldsbk@hexun.com,Male,78,Never,false,27.153.136.30
418,Alan,Reyes,areyesbl@people.com.cn,Male,76,Weekly,true,17.211.27.31
419,Katherine,Price,kpricebm@jigsy.com,Female,85,Never,true,22.151.150.128
420,Melissa,Young,myoungbn@aol.com,Female,43,Never,false,228.140.162.46
421,Tina,Cunningham,tcunninghambo@webs.com,Female,60,Yearly,true,253.157.0.219
422,Aaron,Olson,aolsonbp@deliciousdays.com,Male,59,Monthly,false,72.121.121.10
423,Jesse,Morris,jmorrisbq@umn.edu,Male,44,Monthly,true,36.107.106.1
424,Nicole,Martinez,nmartinezbr@parallels.com,Female,66,Never,true,188.2.125.164
425,Stephen,Alvarez,salvarezbs@addtoany.com,Male,92,Yearly,true,61.224.215.70
426,Norma,Coleman,ncolemanbt@ezinearticles.com,Female,16,Once,true,163.217.244.215
427,Gloria,Wheeler,gwheelerbu@europa.eu,Female,54,Daily,true,110.208.236.30
428,Jimmy,Gutierrez,jgutierrezbv@japanpost.jp,Male,95,Seldom,true,10.147.218.103
429,Barbara,Roberts,brobertsbw@tinypic.com,Female,58,Often,true,80.119.218.67
430,Amanda,Murphy,amurphybx@goo.gl,Female,77,Daily,false,87.221.110.212
431,Judy,Brooks,jbrooksby@google.pl,Female,86,Often,true,74.62.119.166
432,Catherine,Hall,challbz@timesonline.co.uk,Female,58,Daily,true,212.252.16.12
433,Sarah,Knight,sknightc0@cafepress.com,Female,43,Yearly,false,155.36.191.111
434,Janice,Rose,jrosec1@utexas.edu,Female,19,Yearly,true,74.15.64.201
435,Arthur,King,akingc2@canalblog.com,Male,27,Daily,false,54.4.225.55
436,Laura,Sims,lsimsc3@google.ca,Female,67,Weekly,false,80.137.151.176
437,Daniel,Morgan,dmorganc4@example.com,Male,43,Never,true,146.233.66.43
438,Marie,Mcdonald,mmcdonaldc5@printfriendly.com,Female,68,Monthly,false,125.138.219.13
439,Donna,Green,dgreenc6@zimbio.com,Female,52,Seldom,true,12.70.110.44
440,Nicholas,Tucker,ntuckerc7@ycombinator.com,Male,28,Yearly,true,75.97.80.245
441,Donald,Gonzales,dgonzalesc8@1und1.de,Male,74,Seldom,true,57.201.227.102
442,Debra,Ramirez,dramirezc9@mail.ru,Female,88,Never,false,224.104.137.145
443,Dennis,Mcdonald,dmcdonaldca@newsvine.com,Male,87,Weekly,false,158.30.140.161
444,Sharon,Mitchell,smitchellcb@google.cn,Female,59,Yearly,false,113.5.221.124
445,Charles,Arnold,carnoldcc@about.com,Male,84,Yearly,false,55.188.114.239
446,Harry,Brown,hbrowncd@amazonaws.com,Male,74,Often,true,136.181.105.245
447,Lawrence,Sanders,lsandersce@ezinearticles.com,Male,26,Once,false,72.91.123.204
448,Randy,Perry,rperrycf@google.nl,Male,42,Never,true,255.185.252.118
449,Charles,Myers,cmyerscg@jigsy.com,Male,50,Once,true,224.88.250.138
450,Michael,Vasquez,mvasquezch@weather.com,Male,46,Daily,false,217.136.74.153
451,David,Bradley,dbradleyci@facebook.com,Male,75,Often,true,53.45.225.215
452,Joan,Bishop,jbishopcj@wix.com,Female,83,Once,true,64.42.67.223
453,Anne,Ray,arayck@goodreads.com,Female,41,Yearly,false,130.67.51.157
454,Patricia,Myers,pmyerscl@bbc.co.uk,Female,25,Never,false,229.60.114.162
455,Betty,Stephens,bstephenscm@bing.com,Female,49,Seldom,false,7.244.213.70
456,Joe,Nichols,jnicholscn@hhs.gov,Male,52,Daily,true,33.153.180.192
457,Andrew,Lawrence,alawrenceco@bluehost.com,Male,91,Yearly,false,61.233.74.137
458,Ryan,Stevens,rstevenscp@163.com,Male,64,Seldom,false,243.33.60.199
459,Louise,Elliott,lelliottcq@friendfeed.com,Female,17,Often,true,65.240.200.78
460,Joseph,Ortiz,jortizcr@msu.edu,Male,89,Once,true,121.110.18.102
461,Gloria,Phillips,gphillipscs@zimbio.com,Female,38,Yearly,true,117.93.156.55
462,Robin,Matthews,rmatthewsct@rakuten.co.jp,Female,83,Monthly,false,47.236.35.254
463,Adam,Clark,aclarkcu@addthis.com,Male,64,Once,true,210.53.218.18
464,William,Barnes,wbarnescv@un.org,Male,88,Monthly,false,50.73.45.117
465,Joyce,Palmer,jpalmercw@1688.com,Female,55,Weekly,true,151.152.199.67
466,Carl,Powell,cpowellcx@sitemeter.com,Male,93,Seldom,true,145.216.21.68
467,Lawrence,Berry,lberrycy@baidu.com,Male,66,Weekly,false,157.145.219.150
468,Roy,Jones,rjonescz@ameblo.jp,Male,81,Never,true,190.190.251.200
469,Carlos,Fields,cfieldsd0@mail.ru,Male,37,Weekly,false,255.114.145.158
470,Keith,Vasquez,kvasquezd1@google.com,Male,34,Daily,false,140.117.111.1
471,Wanda,George,wgeorged2@geocities.com,Female,75,Never,false,153.28.36.99
472,Margaret,Meyer,mmeyerd3@vk.com,Female,73,Seldom,true,88.13.23.143
473,Justin,Fuller,jfullerd4@microsoft.com,Male,35,Weekly,true,15.4.207.182
474,Phillip,Ortiz,portizd5@geocities.jp,Male,37,Seldom,true,196.182.149.49
475,Jennifer,Morgan,jmorgand6@arizona.edu,Female,64,Seldom,true,230.1.204.70
476,Jeremy,Moore,jmoored7@rediff.com,Male,71,Never,false,8.25.132.104
477,Jean,George,jgeorged8@pinterest.com,Female,84,Often,true,122.10.106.56
478,Evelyn,Stevens,estevensd9@addthis.com,Female,64,Often,false,227.254.206.46
479,Christopher,Berry,cberryda@indiatimes.com,Male,72,Seldom,false,81.146.63.61
480,Antonio,Burton,aburtondb@sbwire.com,Male,96,Once,true,158.169.47.217
481,Willie,Berry,wberrydc@godaddy.com,Male,38,Daily,true,3.82.201.168
482,Ernest,Hanson,ehansondd@dmoz.org,Male,68,Once,false,88.180.47.217
483,Ronald,Romero,rromerode@epa.gov,Male,86,Never,true,83.99.29.98
484,Marilyn,Garcia,mgarciadf@europa.eu,Female,62,Monthly,true,205.160.164.122
485,Juan,Stevens,jstevensdg@csmonitor.com,Male,37,Weekly,false,98.77.115.230
486,Jane,Butler,jbutlerdh@stumbleupon.com,Female,80,Never,false,105.214.218.133
487,Rose,Clark,rclarkdi@miitbeian.gov.cn,Female,53,Weekly,true,165.172.89.64
488,Jeffrey,Long,jlongdj@ovh.net,Male,20,Never,true,219.50.96.117
489,Sharon,Fuller,sfullerdk@mozilla.com,Female,78,Weekly,false,168.44.96.247
490,Steve,Boyd,sboyddl@fda.gov,Male,79,Once,false,233.166.28.210
491,Pamela,Lewis,plewisdm@lulu.com,Female,86,Yearly,true,3.179.48.25
492,Mary,Cook,mcookdn@surveymonkey.com,Female,55,Once,false,62.211.203.249
493,Pamela,Morgan,pmorgando@samsung.com,Female,62,Once,false,30.124.195.42
494,Michael,Harvey,mharveydp@constantcontact.com,Male,59,Weekly,true,149.211.192.38
495,Phillip,Hernandez,phernandezdq@eepurl.com,Male,82,Monthly,true,20.226.181.39
496,Benjamin,Reed,breeddr@diigo.com,Male,38,Once,true,47.169.9.252
497,Joan,Andrews,jandrewsds@walmart.com,Female,83,Monthly,true,176.58.10.192
498,Ann,Wells,awellsdt@odnoklassniki.ru,Female,75,Often,true,162.78.221.253
499,Julie,Anderson,jandersondu@nih.gov,Female,49,Never,true,220.170.219.182
500,Aaron,Willis,awillisdv@imdb.com,Male,53,Weekly,false,197.136.84.129
501,Diane,West,dwestdw@foxnews.com,Female,25,Daily,false,152.242.78.95
502,Jean,Mills,jmillsdx@imdb.com,Female,73,Once,true,58.8.98.232
503,Eugene,Lee,eleedy@cyberchimps.com,Male,33,Often,false,199.207.190.74
504,Elizabeth,Hill,ehilldz@businessweek.com,Female,23,Never,true,85.99.52.187
505,Diana,Perry,dperrye0@privacy.gov.au,Female,94,Often,true,198.130.252.241
506,Margaret,Alexander,malexandere1@go.com,Female,46,Daily,false,189.71.23.237
507,Craig,Riley,crileye2@tuttocitta.it,Male,69,Seldom,true,237.39.67.5
508,Donald,Fuller,dfullere3@i2i.jp,Male,88,Seldom,true,122.179.227.143
509,Dorothy,Anderson,dandersone4@jalbum.net,Female,24,Often,true,175.93.197.131
510,Henry,Fernandez,hfernandeze5@123-reg.co.uk,Male,51,Once,false,68.84.160.68
511,Michael,Perkins,mperkinse6@printfriendly.com,Male,88,Monthly,false,79.248.238.95
512,Jessica,Hayes,jhayese7@example.com,Female,61,Daily,false,204.161.217.119
513,Raymond,Phillips,rphillipse8@walmart.com,Male,79,Seldom,true,214.137.53.93
514,Diane,Hughes,dhughese9@technorati.com,Female,56,Daily,true,28.80.114.113
515,Teresa,Franklin,tfranklinea@nih.gov,Female,61,Never,false,138.199.203.187
516,Jason,Johnston,jjohnstoneb@wikipedia.org,Male,18,Never,true,31.98.39.100
517,Ernest,Ortiz,eortizec@columbia.edu,Male,51,Yearly,true,255.200.121.15
518,Arthur,Washington,awashingtoned@state.tx.us,Male,83,Never,true,102.234.43.105
519,Scott,Miller,smilleree@cargocollective.com,Male,33,Seldom,true,3.198.169.15
520,Arthur,Cooper,acooperef@princeton.edu,Male,42,Weekly,true,117.180.14.52
521,Thomas,Fox,tfoxeg@tripadvisor.com,Male,66,Monthly,false,165.135.124.190
522,Annie,Pierce,apierceeh@cornell.edu,Female,28,Monthly,true,211.52.93.124
523,Joshua,Gutierrez,jgutierrezei@mediafire.com,Male,44,Weekly,true,40.143.39.126
524,Edward,Lopez,elopezej@wiley.com,Male,94,Monthly,true,53.104.155.236
525,Jean,Ortiz,jortizek@columbia.edu,Female,80,Yearly,false,101.206.210.64
526,Kenneth,Garza,kgarzael@csmonitor.com,Male,43,Seldom,false,113.192.8.73
527,Lois,Roberts,lrobertsem@ed.gov,Female,19,Yearly,true,121.95.199.147
528,Ruby,Mccoy,rmccoyen@census.gov,Female,65,Yearly,true,128.58.130.253
529,Melissa,Howard,mhowardeo@canalblog.com,Female,34,Often,false,182.30.40.85
530,Jean,Miller,jmillerep@simplemachines.org,Female,57,Once,true,171.203.245.18
531,Donna,Meyer,dmeyereq@aol.com,Female,32,Never,true,29.243.108.186
532,Tina,Lynch,tlyncher@spiegel.de,Female,93,Monthly,false,242.219.111.194
533,Sean,Edwards,sedwardses@vkontakte.ru,Male,36,Monthly,false,122.172.131.246
534,Carolyn,Moreno,cmorenoet@arstechnica.com,Female,49,Never,false,166.200.188.236
535,Andrew,Moreno,amorenoeu@amazon.co.uk,Male,18,Seldom,false,202.34.79.97
536,Heather,Ortiz,hortizev@columbia.edu,Female,65,Daily,false,86.55.208.190
537,Sara,Turner,sturnerew@wisc.edu,Female,36,Yearly,true,142.32.64.244
538,Brandon,Harris,bharrisex@google.co.jp,Male,73,Seldom,true,61.168.86.69
539,Kathleen,Garrett,kgarrettey@slideshare.net,Female,79,Often,false,96.1.163.107
540,Eugene,Stewart,estewartez@hud.gov,Male,48,Seldom,false,49.26.21.107
541,Kelly,Gomez,kgomezf0@senate.gov,Female,39,Seldom,false,24.50.248.73
542,Catherine,Nguyen,cnguyenf1@springer.com,Female,65,Yearly,false,117.192.170.134
543,Ruby,Fisher,rfisherf2@sbwire.com,Female,92,Daily,false,165.19.133.79
544,Stephen,Ford,sfordf3@digg.com,Male,37,Seldom,true,114.162.103.5
545,Beverly,Dean,bdeanf4@comsenz.com,Female,38,Yearly,true,245.125.254.22
546,Justin,Carter,jcarterf5@amazonaws.com,Male,72,Weekly,true,255.142.137.115
547,Louis,Andrews,landrewsf6@businessweek.com,Male,49,Never,false,156.209.253.226
548,Joe,Reed,jreedf7@networkadvertising.org,Male,68,Weekly,false,130.109.16.239
549,Marilyn,Stephens,mstephensf8@sohu.com,Female,70,Daily,false,185.39.6.80
550,Lisa,Owens,lowensf9@sbwire.com,Female,89,Never,true,196.82.147.90
551,Steven,Jones,sjonesfa@comsenz.com,Male,96,Once,true,23.72.98.130
552,Christina,Simpson,csimpsonfb@php.net,Female,27,Yearly,false,73.32.175.195
553,Sharon,Simmons,ssimmonsfc@weebly.com,Female,22,Daily,false,138.31.189.224
554,Linda,Kim,lkimfd@webnode.com,Female,70,Weekly,true,212.34.210.169
555,Earl,Adams,eadamsfe@sun.com,Male,91,Once,true,125.35.10.237
556,Steven,Coleman,scolemanff@dropbox.com,Male,55,Seldom,false,43.243.116.219
557,Jesse,Moreno,jmorenofg@reverbnation.com,Male,35,Once,true,33.176.205.143
558,Amanda,Austin,aaustinfh@tmall.com,Female,22,Weekly,true,211.237.219.245
559,Louis,Phillips,lphillipsfi@domainmarket.com,Male,91,Yearly,false,205.64.205.210
560,Joe,Gordon,jgordonfj@amazon.co.jp,Male,65,Never,true,255.122.65.86
561,Laura,Cooper,lcooperfk@fema.gov,Female,46,Monthly,true,211.173.65.106
562,Carl,Snyder,csnyderfl@tiny.cc,Male,29,Never,false,6.46.119.70
563,Susan,Medina,smedinafm@sourceforge.net,Female,23,Weekly,true,173.54.129.135
564,Ashley,Scott,ascottfn@icq.com,Female,29,Seldom,false,119.182.109.199
565,Diane,Hughes,dhughesfo@java.com,Female,28,Once,true,234.78.22.127
566,Andrea,Garrett,agarrettfp@wikimedia.org,Female,30,Yearly,true,31.43.218.190
567,Benjamin,Vasquez,bvasquezfq@foxnews.com,Male,52,Yearly,false,18.169.22.0
568,Gary,Jackson,gjacksonfr@gnu.org,Male,16,Yearly,true,246.210.130.196
569,Charles,Pierce,cpiercefs@so-net.ne.jp,Male,82,Often,true,177.32.146.242
570,Steven,Henry,shenryft@tumblr.com,Male,72,Yearly,true,64.226.4.104
571,Mark,Hudson,mhudsonfu@yandex.ru,Male,33,Daily,false,109.226.219.24
572,Randy,Harrison,rharrisonfv@desdev.cn,Male,30,Yearly,true,24.176.87.102
573,Jeremy,Harvey,jharveyfw@hp.com,Male,23,Daily,true,56.231.71.215
574,Nancy,Elliott,nelliottfx@loc.gov,Female,67,Daily,true,164.2.35.148
575,Jean,Carpenter,jcarpenterfy@guardian.co.uk,Female,44,Monthly,true,177.196.208.141
576,Linda,Arnold,larnoldfz@phpbb.com,Female,39,Weekly,false,131.129.81.250
577,Lawrence,Price,lpriceg0@reference.com,Male,94,Often,true,177.64.254.254
578,Betty,Allen,balleng1@cbslocal.com,Female,86,Monthly,true,78.107.148.160
579,Pamela,Mitchell,pmitchellg2@va.gov,Female,35,Monthly,true,233.19.214.20
580,Juan,Patterson,jpattersong3@huffingtonpost.com,Male,72,Seldom,false,109.75.215.68
581,Bonnie,Palmer,bpalmerg4@intel.com,Female,20,Once,true,66.187.171.157
582,Katherine,Austin,kausting5@merriam-webster.com,Female,18,Never,true,57.31.189.150
583,Judy,Stevens,jstevensg6@nba.com,Female,20,Seldom,true,7.203.159.214
584,Jeffrey,Hart,jhartg7@elegantthemes.com,Male,56,Daily,true,89.15.42.49
585,Bobby,Johnston,bjohnstong8@xinhuanet.com,Male,48,Weekly,false,143.129.59.105
586,Larry,Flores,lfloresg9@mit.edu,Male,51,Seldom,true,18.202.234.35
587,David,Ford,dfordga@economist.com,Male,90,Seldom,true,31.170.191.194
588,Martin,Shaw,mshawgb@cisco.com,Male,82,Once,false,7.46.140.7
589,Patrick,Fisher,pfishergc@stanford.edu,Male,18,Yearly,true,170.55.14.238
590,Emily,Allen,eallengd@whitehouse.gov,Female,28,Often,false,254.227.163.58
591,Eric,Hunter,ehunterge@fda.gov,Male,62,Weekly,false,42.5.93.124
592,Matthew,Welch,mwelchgf@cyberchimps.com,Male,33,Often,false,178.222.139.104
593,Diana,Wood,dwoodgg@aboutads.info,Female,49,Often,true,88.99.82.253
594,Robin,Carr,rcarrgh@ucsd.edu,Female,77,Weekly,true,230.196.162.116
595,Jacqueline,Hawkins,jhawkinsgi@harvard.edu,Female,22,Weekly,true,138.115.34.103
596,Virginia,Williamson,vwilliamsongj@dagondesign.com,Female,22,Often,false,126.206.15.250
597,Sara,Ellis,sellisgk@ca.gov,Female,17,Yearly,false,161.124.202.204
598,Marie,Pierce,mpiercegl@dailymotion.com,Female,62,Seldom,false,35.150.3.111
599,Judith,Lee,jleegm@photobucket.com,Female,79,Weekly,false,179.239.57.61
600,Christina,Evans,cevansgn@yandex.ru,Female,92,Daily,true,119.184.97.112
601,Julia,Stanley,jstanleygo@statcounter.com,Female,43,Never,true,4.126.221.43
602,Laura,Sanchez,lsanchezgp@nba.com,Female,47,Once,false,216.79.182.141
603,Betty,Garrett,bgarrettgq@ocn.ne.jp,Female,27,Never,false,108.85.202.49
604,Christopher,Moore,cmooregr@guardian.co.uk,Male,93,Never,true,86.180.200.176
605,Joan,Harvey,jharveygs@github.io,Female,55,Weekly,false,69.251.159.242
606,Donald,Brooks,dbrooksgt@europa.eu,Male,81,Often,true,145.136.210.228
607,Willie,Mendoza,wmendozagu@senate.gov,Male,79,Weekly,true,159.28.55.75
608,Kelly,Day,kdaygv@eepurl.com,Female,66,Never,true,222.23.110.201
609,Andrea,Ross,arossgw@weather.com,Female,57,Weekly,true,26.11.192.56
610,Lois,Hunter,lhuntergx@vimeo.com,Female,38,Once,false,7.197.81.163
611,Kevin,Hanson,khansongy@cyberchimps.com,Male,23,Seldom,true,254.132.117.145
612,Linda,Griffin,lgriffingz@si.edu,Female,23,Seldom,false,139.162.250.59
613,Lori,Evans,levansh0@guardian.co.uk,Female,53,Daily,true,222.211.237.63
614,Lisa,Myers,lmyersh1@seattletimes.com,Female,53,Weekly,true,112.198.61.203
615,Joyce,Howell,jhowellh2@google.fr,Female,89,Yearly,false,190.12.31.141
616,Joyce,Sanders,jsandersh3@ibm.com,Female,27,Daily,false,36.138.176.19
617,Lillian,Bailey,lbaileyh4@shop-pro.jp,Female,26,Yearly,true,212.118.11.200
618,Heather,Hunter,hhunterh5@vinaora.com,Female,94,Once,true,44.198.229.77
619,Jessica,Foster,jfosterh6@ocn.ne.jp,Female,82,Often,true,232.254.41.253
620,Samuel,Phillips,sphillipsh7@jalbum.net,Male,78,Seldom,true,211.74.240.70
621,Jeremy,Welch,jwelchh8@reuters.com,Male,20,Yearly,false,104.90.44.144
622,Denise,Ryan,dryanh9@google.ca,Female,17,Yearly,true,186.135.128.227
623,Anthony,Ellis,aellisha@go.com,Male,90,Weekly,true,241.158.183.141
624,Ann,Arnold,aarnoldhb@uol.com.br,Female,74,Never,false,55.179.38.73
625,Helen,Moore,hmoorehc@washingtonpost.com,Female,91,Once,false,202.247.47.99
626,Antonio,Hall,ahallhd@gravatar.com,Male,80,Weekly,false,188.82.61.7
627,Joshua,Lee,jleehe@cnn.com,Male,88,Daily,false,121.21.75.48
628,Joseph,Henderson,jhendersonhf@dropbox.com,Male,36,Weekly,true,19.188.130.183
629,Jimmy,Stewart,jstewarthg@noaa.gov,Male,50,Seldom,false,86.159.127.7
630,Albert,Woods,awoodshh@google.com.br,Male,54,Once,true,247.79.94.90
631,Sandra,Fuller,sfullerhi@ucsd.edu,Female,87,Once,true,25.231.13.10
632,Joyce,Butler,jbutlerhj@example.com,Female,58,Often,false,12.112.182.148
633,Anne,Johnson,ajohnsonhk@t-online.de,Female,18,Often,true,11.202.80.254
634,Cynthia,Hall,challhl@tuttocitta.it,Female,58,Once,false,227.188.63.129
635,Amanda,Wallace,awallacehm@blinklist.com,Female,45,Often,false,28.76.188.2
636,Ruth,Cook,rcookhn@icio.us,Female,70,Once,true,63.14.242.226
637,Cynthia,Owens,cowensho@alibaba.com,Female,39,Yearly,false,153.36.118.117
638,Larry,Bailey,lbaileyhp@ucoz.ru,Male,83,Never,true,3.51.114.58
639,Raymond,Roberts,rrobertshq@example.com,Male,57,Seldom,true,74.139.127.103
640,Todd,Harper,tharperhr@cloudflare.com,Male,46,Seldom,false,232.218.214.43
641,Justin,Ramos,jramoshs@wiley.com,Male,92,Often,true,154.239.96.178
642,Samuel,Davis,sdavisht@freewebs.com,Male,52,Monthly,true,112.16.114.48
643,Lois,Young,lyounghu@mozilla.org,Female,61,Often,false,46.66.227.165
644,Cynthia,Harvey,charveyhv@abc.net.au,Female,30,Often,true,181.70.40.116
645,Melissa,Peters,mpetershw@blogger.com,Female,74,Weekly,false,8.37.107.218
646,Jimmy,Ryan,jryanhx@pagesperso-orange.fr,Male,38,Weekly,true,128.36.100.39
647,Theresa,Wright,twrighthy@businessinsider.com,Female,95,Monthly,false,50.220.249.134
648,Phillip,Adams,padamshz@un.org,Male,83,Often,true,30.49.143.8
649,Clarence,Allen,calleni0@ebay.com,Male,61,Often,false,232.95.43.239
650,Kathleen,Wheeler,kwheeleri1@archive.org,Female,51,Weekly,false,16.95.173.126
651,Tina,Rivera,triverai2@spotify.com,Female,34,Often,true,93.150.7.156
652,Julia,Fisher,jfisheri3@nsw.gov.au,Female,24,Monthly,false,62.203.143.45
653,Philip,Murray,pmurrayi4@squarespace.com,Male,63,Never,false,39.204.199.75
654,Benjamin,Jacobs,bjacobsi5@mayoclinic.com,Male,20,Daily,true,43.121.76.206
655,Kathleen,Perkins,kperkinsi6@sourceforge.net,Female,82,Often,true,154.9.150.40
656,Frank,Carter,fcarteri7@chicagotribune.com,Male,81,Weekly,true,43.56.127.134
657,Michelle,Martin,mmartini8@paypal.com,Female,27,Seldom,false,235.149.242.62
658,Jeffrey,Fisher,jfisheri9@upenn.edu,Male,95,Once,true,123.61.13.36
659,Lillian,Howell,lhowellia@weibo.com,Female,41,Weekly,true,139.15.125.73
660,Louis,Carter,lcarterib@harvard.edu,Male,84,Monthly,false,107.15.73.171
661,Samuel,Carter,scarteric@globo.com,Male,95,Monthly,true,69.225.56.56
662,Anthony,Nichols,anicholsid@sogou.com,Male,90,Daily,false,229.234.204.11
663,Rachel,Alvarez,ralvarezie@kickstarter.com,Female,71,Seldom,true,47.196.135.181
664,Nicholas,Scott,nscottif@photobucket.com,Male,48,Often,true,46.207.204.201
665,Arthur,Carter,acarterig@house.gov,Male,79,Yearly,false,80.227.76.130
666,Jack,Rogers,jrogersih@nba.com,Male,90,Monthly,true,117.41.130.129
667,Margaret,Jenkins,mjenkinsii@deliciousdays.com,Female,39,Often,true,243.178.156.5
668,Julie,Roberts,jrobertsij@wisc.edu,Female,85,Monthly,true,142.69.20.79
669,Roy,Jones,rjonesik@cargocollective.com,Male,39,Weekly,false,77.207.142.70
670,William,Torres,wtorresil@flickr.com,Male,53,Yearly,true,97.221.129.128
671,Phyllis,Dixon,pdixonim@dmoz.org,Female,77,Once,true,173.140.250.20
672,Carlos,Gardner,cgardnerin@csmonitor.com,Male,89,Never,true,114.57.206.64
673,Debra,Ross,drossio@geocities.com,Female,26,Monthly,false,239.149.25.237
674,Paula,Carter,pcarterip@quantcast.com,Female,78,Weekly,true,121.1.96.163
675,Diana,Hanson,dhansoniq@storify.com,Female,88,Weekly,true,48.223.49.218
676,Jonathan,Brown,jbrownir@google.pl,Male,71,Yearly,true,101.198.227.64
677,Melissa,Wright,mwrightis@studiopress.com,Female,80,Daily,false,19.85.128.250
678,Alice,Hunter,ahunterit@merriam-webster.com,Female,67,Daily,false,142.41.72.249
679,Anthony,Griffin,agriffiniu@bloomberg.com,Male,39,Daily,true,172.223.122.237
680,Steve,Torres,storresiv@umich.edu,Male,81,Often,false,27.35.146.13
681,Patrick,Hudson,phudsoniw@redcross.org,Male,78,Once,false,175.101.136.106
682,Ralph,Hayes,rhayesix@hugedomains.com,Male,83,Seldom,true,230.213.155.38
683,Jose,Perez,jpereziy@cmu.edu,Male,94,Never,false,3.65.47.18
684,Stephanie,Porter,sporteriz@discovery.com,Female,64,Daily,false,238.201.134.25
685,Doris,Bell,dbellj0@marriott.com,Female,24,Daily,true,80.168.62.242
686,Fred,Garza,fgarzaj1@omniture.com,Male,62,Monthly,false,68.230.221.127
687,Melissa,Roberts,mrobertsj2@desdev.cn,Female,63,Yearly,false,190.151.121.44
688,Matthew,Dixon,mdixonj3@biglobe.ne.jp,Male,25,Weekly,true,147.47.222.35
689,Elizabeth,Diaz,ediazj4@jalbum.net,Female,63,Monthly,false,168.12.89.114
690,Juan,Spencer,jspencerj5@irs.gov,Male,63,Monthly,true,20.165.255.191
691,Antonio,Tucker,atuckerj6@usgs.gov,Male,27,Weekly,true,183.218.232.77
692,Bonnie,Little,blittlej7@webeden.co.uk,Female,50,Weekly,true,70.79.238.233
693,Samuel,Young,syoungj8@dell.com,Male,21,Daily,true,5.76.231.41
694,Martha,Harris,mharrisj9@wp.com,Female,81,Once,true,35.87.127.2
695,James,Anderson,jandersonja@ezinearticles.com,Male,77,Daily,true,233.15.11.129
696,Clarence,Meyer,cmeyerjb@ftc.gov,Male,29,Never,false,231.78.159.232
697,Martin,Cox,mcoxjc@barnesandnoble.com,Male,61,Yearly,true,253.89.68.169
698,Phillip,Reed,preedjd@theglobeandmail.com,Male,58,Monthly,false,6.8.201.71
699,Karen,Brooks,kbrooksje@istockphoto.com,Female,36,Weekly,false,145.236.243.165
700,Joseph,Franklin,jfranklinjf@hc360.com,Male,53,Once,true,217.144.147.69
701,Kathy,Meyer,kmeyerjg@cbsnews.com,Female,70,Seldom,false,98.33.174.25
702,Anthony,Barnes,abarnesjh@yellowbook.com,Male,25,Seldom,true,227.174.50.240
703,Samuel,Garcia,sgarciaji@goo.gl,Male,94,Seldom,true,62.253.4.120
704,Carl,Walker,cwalkerjj@smugmug.com,Male,32,Yearly,false,196.214.201.39
705,Joyce,Berry,jberryjk@live.com,Female,55,Seldom,true,204.3.107.72
706,Christopher,Chavez,cchavezjl@nifty.com,Male,90,Weekly,true,14.72.182.241
707,Jeffrey,Fowler,jfowlerjm@state.gov,Male,67,Yearly,false,13.23.132.19
708,Betty,Stephens,bstephensjn@topsy.com,Female,78,Daily,true,132.184.142.111
709,Dorothy,Morales,dmoralesjo@hc360.com,Female,55,Yearly,false,44.234.240.114
710,Jose,Hunter,jhunterjp@mit.edu,Male,88,Never,true,82.228.138.230
711,Michael,King,mkingjq@cnet.com,Male,95,Daily,false,61.165.246.32
712,Richard,Willis,rwillisjr@eventbrite.com,Male,33,Once,false,2.22.53.201
713,Christina,Lewis,clewisjs@statcounter.com,Female,75,Monthly,true,136.137.105.161
714,Keith,Mcdonald,kmcdonaldjt@acquirethisname.com,Male,33,Often,true,73.3.157.127
715,Terry,West,twestju@chicagotribune.com,Male,36,Once,false,73.48.189.214
716,Mark,Taylor,mtaylorjv@foxnews.com,Male,80,Yearly,true,14.134.244.25
717,Carolyn,King,ckingjw@mapy.cz,Female,83,Daily,false,86.26.208.94
718,Anne,Gomez,agomezjx@wix.com,Female,69,Once,false,240.185.23.110
719,Virginia,Gilbert,vgilbertjy@php.net,Female,52,Daily,true,173.200.56.140
720,Roger,Weaver,rweaverjz@bing.com,Male,44,Yearly,true,149.249.44.216
721,Jeffrey,Ellis,jellisk0@statcounter.com,Male,72,Daily,true,86.176.146.40
722,Linda,Montgomery,lmontgomeryk1@google.ru,Female,78,Yearly,true,215.141.216.143
723,Douglas,Kennedy,dkennedyk2@tinypic.com,Male,82,Often,true,80.38.135.8
724,Alan,Weaver,aweaverk3@ask.com,Male,58,Never,false,161.66.90.222
725,Lisa,Anderson,landersonk4@chronoengine.com,Female,29,Never,false,87.28.58.113
726,Phyllis,Riley,prileyk5@va.gov,Female,38,Yearly,true,163.217.15.2
727,Irene,Rose,irosek6@google.it,Female,93,Monthly,false,209.191.79.93
728,Russell,Bishop,rbishopk7@youtu.be,Male,36,Often,false,5.171.149.198
729,Joe,Baker,jbakerk8@posterous.com,Male,87,Seldom,false,59.251.84.133
730,Andrea,Oliver,aoliverk9@phpbb.com,Female,36,Often,false,149.151.176.57
731,Theresa,Hawkins,thawkinska@tiny.cc,Female,85,Once,true,84.105.100.148
732,Shawn,Gonzales,sgonzaleskb@samsung.com,Male,45,Once,false,240.253.40.13
733,Linda,Harvey,lharveykc@cdc.gov,Female,50,Never,true,162.126.29.87
734,Janet,Hamilton,jhamiltonkd@army.mil,Female,83,Never,false,64.65.121.21
735,Joe,Kennedy,jkennedyke@disqus.com,Male,23,Once,false,0.247.10.23
736,Benjamin,Patterson,bpattersonkf@blogspot.com,Male,38,Often,false,161.18.254.127
737,Steven,Burton,sburtonkg@businessinsider.com,Male,47,Yearly,true,170.83.216.9
738,Rose,Hall,rhallkh@prweb.com,Female,80,Seldom,false,164.77.240.95
739,Alan,Cunningham,acunninghamki@blogspot.com,Male,77,Monthly,false,39.234.82.212
740,Roy,Holmes,rholmeskj@auda.org.au,Male,17,Yearly,false,204.108.126.211
741,Mark,Rivera,mriverakk@tripadvisor.com,Male,90,Weekly,false,39.250.17.67
742,Pamela,Gibson,pgibsonkl@tiny.cc,Female,72,Yearly,false,17.175.248.210
743,Christopher,Ellis,celliskm@newyorker.com,Male,44,Often,true,53.208.247.17
744,Louise,George,lgeorgekn@jimdo.com,Female,93,Weekly,true,7.158.129.120
745,Tammy,Hill,thillko@ow.ly,Female,79,Never,true,88.55.2.201
746,Dorothy,Carpenter,dcarpenterkp@homestead.com,Female,78,Once,false,5.38.143.58
747,Philip,Ramos,pramoskq@discovery.com,Male,35,Never,false,123.235.69.243
748,Anna,Foster,afosterkr@sphinn.com,Female,65,Never,true,209.218.224.51
749,Martha,Duncan,mduncanks@disqus.com,Female,49,Yearly,false,251.80.24.164
750,Katherine,Black,kblackkt@free.fr,Female,75,Seldom,true,115.155.101.255
751,Diana,Hall,dhallku@arizona.edu,Female,19,Monthly,true,7.143.163.225
752,Patricia,Hernandez,phernandezkv@altervista.org,Female,26,Yearly,true,197.76.76.1
753,Todd,Jordan,tjordankw@ox.ac.uk,Male,93,Weekly,false,174.189.203.81
754,Brian,Kelly,bkellykx@altervista.org,Male,52,Seldom,true,68.168.58.91
755,Jessica,Reyes,jreyesky@bloglovin.com,Female,72,Yearly,false,117.233.6.150
756,Jacqueline,Cruz,jcruzkz@slate.com,Female,72,Weekly,true,28.202.205.109
757,Beverly,Bailey,bbaileyl0@clickbank.net,Female,32,Seldom,true,26.112.86.161
758,Billy,Gibson,bgibsonl1@hc360.com,Male,94,Yearly,false,73.139.102.5
759,Randy,Jordan,rjordanl2@msn.com,Male,61,Seldom,false,175.252.158.99
760,Karen,Morris,kmorrisl3@google.com.br,Female,86,Yearly,false,23.25.129.209
761,Earl,Chapman,echapmanl4@wiley.com,Male,78,Once,true,255.130.160.69
762,Joseph,Berry,jberryl5@latimes.com,Male,94,Seldom,false,102.248.3.189
763,Shawn,Howard,showardl6@virginia.edu,Male,52,Seldom,true,169.115.104.13
764,Jean,Mitchell,jmitchelll7@zimbio.com,Female,27,Monthly,false,145.111.16.158
765,Paula,Crawford,pcrawfordl8@wikimedia.org,Female,41,Often,false,75.11.207.245
766,Johnny,Ford,jfordl9@unicef.org,Male,70,Seldom,false,194.141.64.45
767,Louis,Gray,lgrayla@mail.ru,Male,89,Monthly,true,254.151.131.188
768,Anthony,Cole,acolelb@nih.gov,Male,89,Yearly,true,93.221.44.153
769,James,Morrison,jmorrisonlc@intel.com,Male,48,Monthly,true,128.135.143.203
770,Nicole,Tucker,ntuckerld@github.com,Female,91,Seldom,false,126.121.181.169
771,Anthony,Gardner,agardnerle@yahoo.com,Male,74,Yearly,false,68.165.147.70
772,Debra,James,djameslf@mail.ru,Female,91,Often,true,206.13.251.87
773,Willie,Patterson,wpattersonlg@bloglines.com,Male,66,Once,false,45.236.191.196
774,Eugene,Brooks,ebrookslh@walmart.com,Male,72,Yearly,true,210.230.220.11
775,Justin,Stephens,jstephensli@nymag.com,Male,48,Yearly,false,127.181.39.112
776,Anne,Alvarez,aalvarezlj@amazonaws.com,Female,29,Seldom,false,76.155.222.36
777,Emily,Ross,erosslk@yale.edu,Female,44,Seldom,true,53.104.133.167
778,Dorothy,Stevens,dstevensll@wikia.com,Female,67,Seldom,true,166.118.82.244
779,Rose,Wells,rwellslm@pinterest.com,Female,55,Never,true,94.109.46.56
780,Ernest,Burns,eburnsln@taobao.com,Male,73,Daily,false,123.189.197.187
781,Helen,Carroll,hcarrolllo@jiathis.com,Female,16,Daily,false,118.147.74.104
782,Bonnie,Carroll,bcarrolllp@ted.com,Female,50,Yearly,true,60.210.69.54
783,Willie,Jones,wjoneslq@unesco.org,Male,62,Once,false,12.52.220.61
784,Catherine,Dunn,cdunnlr@state.tx.us,Female,62,Weekly,true,82.71.6.106
785,Robin,Brooks,rbrooksls@whitehouse.gov,Female,75,Monthly,false,62.167.101.6
786,Marie,Little,mlittlelt@oakley.com,Female,55,Seldom,true,188.4.150.62
787,Jerry,Clark,jclarklu@amazon.co.uk,Male,88,Never,true,118.158.62.46
788,Marilyn,Sims,msimslv@tmall.com,Female,44,Seldom,false,197.68.90.26
789,Wayne,Morgan,wmorganlw@dot.gov,Male,66,Weekly,false,60.72.241.45
790,Bonnie,Gilbert,bgilbertlx@google.es,Female,17,Daily,false,104.253.36.100
791,Steve,Hughes,shughesly@netscape.com,Male,59,Weekly,true,101.116.55.41
792,Cheryl,Gray,cgraylz@kickstarter.com,Female,21,Weekly,false,133.211.26.13
793,Beverly,Wagner,bwagnerm0@earthlink.net,Female,93,Often,true,151.92.51.132
794,Andrew,Owens,aowensm1@techcrunch.com,Male,82,Seldom,false,45.20.38.87
795,Harry,Nichols,hnicholsm2@dagondesign.com,Male,60,Often,true,119.178.44.245
796,Sean,Weaver,sweaverm3@nhs.uk,Male,40,Once,true,75.101.214.192
797,Tammy,Kim,tkimm4@apple.com,Female,84,Never,true,166.230.129.136
798,Anne,Riley,arileym5@fema.gov,Female,91,Often,true,36.161.88.71
799,Deborah,Webb,dwebbm6@qq.com,Female,21,Monthly,false,147.50.126.215
800,Ruth,Bryant,rbryantm7@howstuffworks.com,Female,92,Yearly,false,165.202.147.135
801,Johnny,Romero,jromerom8@time.com,Male,30,Never,false,186.213.156.17
802,Dennis,Foster,dfosterm9@craigslist.org,Male,80,Once,false,199.87.78.233
803,Harold,Fowler,hfowlerma@guardian.co.uk,Male,68,Once,false,29.2.89.197
804,Nancy,Kelley,nkelleymb@bing.com,Female,42,Seldom,false,177.64.54.28
805,Nancy,Bryant,nbryantmc@booking.com,Female,33,Yearly,true,232.206.35.249
806,Jane,Ortiz,jortizmd@globo.com,Female,29,Often,true,168.132.242.173
807,Ralph,Reed,rreedme@nifty.com,Male,93,Often,true,39.133.104.49
808,William,Knight,wknightmf@reuters.com,Male,67,Once,false,123.10.159.107
809,Louise,Foster,lfostermg@cbslocal.com,Female,84,Once,false,115.211.120.164
810,Kathleen,Harrison,kharrisonmh@wisc.edu,Female,75,Daily,false,117.201.60.80
811,Lois,Day,ldaymi@plala.or.jp,Female,21,Monthly,false,45.182.181.236
812,Sandra,Jacobs,sjacobsmj@google.nl,Female,30,Often,false,213.130.120.225
813,Lois,Reid,lreidmk@shareasale.com,Female,92,Often,true,89.235.255.219
814,Robin,Martinez,rmartinezml@imgur.com,Female,28,Often,false,221.64.103.1
815,Steve,Stevens,sstevensmm@myspace.com,Male,70,Daily,true,139.171.209.111
816,Virginia,Garcia,vgarciamn@yellowbook.com,Female,29,Daily,false,43.107.133.109
817,Anne,Garrett,agarrettmo@theguardian.com,Female,40,Seldom,false,75.165.245.141
818,Dennis,Wagner,dwagnermp@admin.ch,Male,65,Often,true,106.22.130.241
819,Paula,Hall,phallmq@state.gov,Female,81,Once,true,206.156.151.132
820,Julie,Peters,jpetersmr@instagram.com,Female,66,Yearly,true,96.184.111.16
821,Shirley,Turner,sturnerms@time.com,Female,93,Weekly,false,4.174.224.156
822,Rebecca,Porter,rportermt@noaa.gov,Female,16,Never,false,244.68.93.107
823,Kimberly,Burton,kburtonmu@sohu.com,Female,95,Often,true,58.29.47.148
824,Susan,Johnson,sjohnsonmv@forbes.com,Female,38,Once,false,201.15.84.145
825,Juan,Wallace,jwallacemw@t-online.de,Male,32,Often,false,62.148.10.229
826,Jose,Gardner,jgardnermx@columbia.edu,Male,64,Monthly,true,240.148.227.183
827,Daniel,Gonzales,dgonzalesmy@posterous.com,Male,71,Monthly,false,251.49.67.5
828,Roy,Walker,rwalkermz@instagram.com,Male,88,Never,false,104.115.133.192
829,Jeremy,Oliver,jolivern0@prnewswire.com,Male,47,Never,true,20.187.139.144
830,Benjamin,Williams,bwilliamsn1@wordpress.org,Male,27,Never,true,24.153.212.175
831,Diane,Meyer,dmeyern2@youtu.be,Female,72,Yearly,false,246.170.216.212
832,Andrew,Dixon,adixonn3@army.mil,Male,73,Monthly,false,87.210.43.108
833,Edward,Cruz,ecruzn4@cnn.com,Male,64,Monthly,false,223.216.78.10
834,Helen,Scott,hscottn5@slate.com,Female,39,Never,false,99.181.97.4
835,Douglas,Roberts,drobertsn6@economist.com,Male,23,Once,false,177.32.174.58
836,Jose,Little,jlittlen7@cafepress.com,Male,65,Never,true,158.121.226.159
837,Charles,Mendoza,cmendozan8@va.gov,Male,54,Weekly,false,240.186.221.220
838,Chris,Carroll,ccarrolln9@psu.edu,Male,69,Daily,false,228.113.177.155
839,Judy,Anderson,jandersonna@a8.net,Female,83,Often,true,171.143.193.223
840,Melissa,Howard,mhowardnb@etsy.com,Female,56,Often,true,100.175.95.18
841,Clarence,Morris,cmorrisnc@geocities.jp,Male,46,Once,false,180.143.73.86
842,Louis,Harvey,lharveynd@deviantart.com,Male,73,Weekly,false,29.149.109.215
843,Paula,Kelly,pkellyne@census.gov,Female,61,Often,false,119.87.72.17
844,Joshua,Jenkins,jjenkinsnf@adobe.com,Male,78,Never,false,112.55.203.153
845,Kathy,Welch,kwelchng@angelfire.com,Female,75,Once,true,42.36.112.72
846,Bonnie,Romero,bromeronh@webs.com,Female,47,Monthly,true,79.158.184.185
847,Rachel,Andrews,randrewsni@paypal.com,Female,69,Monthly,true,169.113.168.178
848,Bruce,Davis,bdavisnj@blogspot.com,Male,68,Yearly,false,182.142.211.212
849,Sandra,Carr,scarrnk@indiegogo.com,Female,36,Seldom,true,239.72.236.232
850,Stephen,Kelley,skelleynl@vkontakte.ru,Male,65,Daily,false,193.107.255.99
851,Nicholas,Freeman,nfreemannm@usgs.gov,Male,79,Once,false,124.8.133.33
852,Jane,Allen,jallennn@usgs.gov,Female,47,Often,true,55.211.68.7
853,Rebecca,Harrison,rharrisonno@guardian.co.uk,Female,69,Seldom,false,245.4.136.74
854,Judy,Howell,jhowellnp@epa.gov,Female,70,Never,false,52.102.193.192
855,Linda,Marshall,lmarshallnq@ow.ly,Female,57,Weekly,false,151.34.12.121
856,Tina,Hunt,thuntnr@bloomberg.com,Female,28,Often,true,160.11.35.183
857,Norma,Ortiz,nortizns@wiley.com,Female,32,Weekly,true,61.225.213.137
858,Kelly,Frazier,kfraziernt@usa.gov,Female,61,Weekly,true,158.38.235.138
859,Amy,Gibson,agibsonnu@barnesandnoble.com,Female,74,Yearly,false,118.162.247.253
860,Ruby,Robinson,rrobinsonnv@cnet.com,Female,93,Often,true,126.14.4.197
861,Justin,Sullivan,jsullivannw@globo.com,Male,82,Once,false,232.198.220.96
862,Barbara,Morales,bmoralesnx@yahoo.com,Female,49,Seldom,false,116.245.193.126
863,Gerald,Long,glongny@squarespace.com,Male,19,Monthly,true,8.35.4.237
864,Kathryn,Vasquez,kvasqueznz@wikipedia.org,Female,18,Yearly,false,31.135.91.97
865,Stephanie,Nguyen,snguyeno0@miitbeian.gov.cn,Female,77,Once,false,131.86.87.29
866,John,Castillo,jcastilloo1@army.mil,Male,87,Once,false,250.125.54.131
867,Kenneth,Kim,kkimo2@xinhuanet.com,Male,47,Once,true,50.247.226.164
868,Timothy,Owens,towenso3@purevolume.com,Male,48,Monthly,false,206.118.205.69
869,Timothy,Riley,trileyo4@com.com,Male,58,Yearly,true,133.38.221.202
870,Anthony,Rice,ariceo5@google.com.hk,Male,29,Yearly,false,226.157.227.42
871,Victor,Cooper,vcoopero6@com.com,Male,91,Never,false,145.60.29.5
872,Andrew,Allen,aalleno7@sohu.com,Male,55,Monthly,true,95.176.24.17
873,Robin,Richards,rrichardso8@hc360.com,Female,56,Never,false,221.190.22.82
874,Lillian,Welch,lwelcho9@zimbio.com,Female,80,Never,true,188.63.153.30
875,Anne,Smith,asmithoa@independent.co.uk,Female,77,Yearly,true,231.73.101.39
876,Bruce,Duncan,bduncanob@jimdo.com,Male,35,Often,true,162.93.82.205
877,Albert,Green,agreenoc@cpanel.net,Male,80,Daily,true,224.167.250.161
878,Gerald,Hayes,ghayesod@pbs.org,Male,71,Weekly,false,71.143.108.76
879,Sara,Black,sblackoe@mashable.com,Female,37,Once,true,136.83.228.96
880,Betty,White,bwhiteof@reference.com,Female,27,Once,false,191.35.253.116
881,Barbara,Harris,bharrisog@rediff.com,Female,37,Once,true,215.50.58.135
882,Carl,Vasquez,cvasquezoh@engadget.com,Male,44,Never,false,97.144.142.244
883,Jimmy,Castillo,jcastillooi@yahoo.com,Male,16,Daily,false,40.69.243.207
884,Jacqueline,Collins,jcollinsoj@etsy.com,Female,70,Monthly,true,165.69.237.97
885,Catherine,Turner,cturnerok@twitter.com,Female,62,Once,true,92.204.101.121
886,Phillip,Richardson,prichardsonol@4shared.com,Male,96,Once,true,59.184.35.90
887,William,Cole,wcoleom@sina.com.cn,Male,92,Monthly,true,117.225.191.190
888,Ruth,Porter,rporteron@barnesandnoble.com,Female,70,Weekly,true,171.22.92.78
889,Kathryn,Morrison,kmorrisonoo@gov.uk,Female,56,Seldom,true,28.45.247.161
890,Theresa,Ruiz,truizop@accuweather.com,Female,70,Daily,false,27.4.251.151
891,Rebecca,Hawkins,rhawkinsoq@blogger.com,Female,54,Yearly,true,27.24.199.173
892,Lois,Anderson,landersonor@cnn.com,Female,80,Yearly,true,239.199.47.254
893,Carl,Morales,cmoralesos@mysql.com,Male,16,Seldom,true,173.237.162.237
894,Rachel,Watson,rwatsonot@shinystat.com,Female,62,Daily,false,213.152.216.228
895,Jose,Knight,jknightou@nhs.uk,Male,44,Never,true,68.55.133.8
896,Cynthia,Robertson,crobertsonov@webnode.com,Female,30,Yearly,true,51.128.142.69
897,Frank,Hunter,fhunterow@sciencedaily.com,Male,20,Daily,false,182.146.37.58
898,Scott,Perkins,sperkinsox@live.com,Male,81,Daily,false,255.234.65.126
899,Robert,Evans,revansoy@shop-pro.jp,Male,56,Often,true,234.173.77.164
900,Robin,Stephens,rstephensoz@is.gd,Female,78,Weekly,true,59.87.217.232
901,Jennifer,Mcdonald,jmcdonaldp0@zimbio.com,Female,49,Seldom,true,80.71.204.219
902,Annie,Vasquez,avasquezp1@princeton.edu,Female,38,Daily,true,24.30.125.114
903,Ralph,Howell,rhowellp2@nationalgeographic.com,Male,87,Often,true,62.124.197.108
904,Judith,Payne,jpaynep3@123-reg.co.uk,Female,48,Weekly,false,225.111.54.87
905,Melissa,Andrews,mandrewsp4@wikispaces.com,Female,32,Monthly,false,148.55.24.152
906,Wanda,Rice,wricep5@aol.com,Female,51,Never,false,142.251.50.109
907,Joseph,Cruz,jcruzp6@linkedin.com,Male,67,Daily,false,24.105.46.183
908,Jack,Johnson,jjohnsonp7@google.es,Male,21,Weekly,false,28.173.89.180
909,Marie,Gonzales,mgonzalesp8@ebay.co.uk,Female,22,Yearly,false,239.252.29.16
910,Willie,Perkins,wperkinsp9@jalbum.net,Male,31,Daily,true,110.206.67.148
911,Jeffrey,Wells,jwellspa@biblegateway.com,Male,23,Daily,true,238.170.50.209
912,Kenneth,Wagner,kwagnerpb@cdc.gov,Male,92,Monthly,true,38.95.13.196
913,Beverly,Rogers,brogerspc@51.la,Female,91,Daily,false,129.97.47.26
914,Diane,Gonzalez,dgonzalezpd@arizona.edu,Female,16,Yearly,true,138.229.207.108
915,Beverly,Gonzales,bgonzalespe@mysql.com,Female,90,Daily,false,15.222.228.187
916,Mark,Riley,mrileypf@wp.com,Male,52,Seldom,true,89.129.111.209
917,Carolyn,Lane,clanepg@howstuffworks.com,Female,65,Monthly,false,52.17.242.171
918,Sarah,George,sgeorgeph@nationalgeographic.com,Female,71,Often,false,41.206.231.160
919,Judy,Harvey,jharveypi@nbcnews.com,Female,84,Yearly,true,53.250.200.61
920,Joseph,Gordon,jgordonpj@census.gov,Male,84,Yearly,true,252.23.40.184
921,Rebecca,Carpenter,rcarpenterpk@xing.com,Female,26,Daily,false,192.109.113.213
922,Betty,Watkins,bwatkinspl@washington.edu,Female,70,Seldom,false,120.238.2.24
923,Teresa,Cole,tcolepm@mashable.com,Female,61,Daily,false,69.15.86.132
924,Brian,Palmer,bpalmerpn@theatlantic.com,Male,93,Daily,true,50.23.175.202
925,Margaret,Powell,mpowellpo@4shared.com,Female,48,Often,false,153.109.232.40
926,Wanda,Perry,wperrypp@dion.ne.jp,Female,41,Daily,true,218.233.57.203
927,Paula,Webb,pwebbpq@barnesandnoble.com,Female,32,Seldom,true,209.246.37.11
928,Aaron,Grant,agrantpr@cdc.gov,Male,48,Once,true,125.234.214.178
929,Joyce,Wheeler,jwheelerps@histats.com,Female,77,Yearly,false,33.11.123.154
930,Ann,Richards,arichardspt@elpais.com,Female,95,Once,false,251.209.185.198
931,Sarah,Ruiz,sruizpu@fc2.com,Female,69,Weekly,false,135.96.155.165
932,Larry,Tucker,ltuckerpv@ebay.com,Male,52,Daily,true,77.68.144.66
933,Carol,Johnston,cjohnstonpw@nationalgeographic.com,Female,77,Seldom,true,128.12.179.157
934,Bonnie,Montgomery,bmontgomerypx@amazon.co.uk,Female,60,Seldom,true,206.237.205.94
935,Shawn,Hansen,shansenpy@techcrunch.com,Male,39,Often,false,141.158.82.61
936,Todd,Coleman,tcolemanpz@seattletimes.com,Male,86,Never,true,194.147.184.209
937,Margaret,Hill,mhillq0@ustream.tv,Female,43,Daily,true,24.8.30.89
938,Chris,Sanchez,csanchezq1@newyorker.com,Male,34,Weekly,false,168.99.226.30
939,Melissa,Stone,mstoneq2@alibaba.com,Female,22,Once,false,50.253.153.53
940,Janice,Henry,jhenryq3@squarespace.com,Female,68,Yearly,false,197.249.172.19
941,Kimberly,Bowman,kbowmanq4@stanford.edu,Female,71,Never,true,79.81.221.179
942,Lawrence,Rivera,lriveraq5@so-net.ne.jp,Male,47,Never,true,159.252.77.63
943,Earl,Harris,eharrisq6@weibo.com,Male,30,Weekly,false,78.86.105.133
944,Sharon,Harrison,sharrisonq7@sakura.ne.jp,Female,36,Once,true,230.249.44.149
945,Lawrence,Warren,lwarrenq8@webeden.co.uk,Male,36,Never,false,245.40.120.142
946,Ruby,Holmes,rholmesq9@ftc.gov,Female,23,Yearly,false,173.109.209.189
947,Rachel,Berry,rberryqa@amazon.com,Female,88,Seldom,false,246.21.133.62
948,Victor,Myers,vmyersqb@addtoany.com,Male,17,Yearly,false,90.3.207.13
949,Maria,Ferguson,mfergusonqc@weather.com,Female,80,Weekly,false,124.161.153.8
950,Martin,Greene,mgreeneqd@bloglovin.com,Male,52,Often,true,43.221.154.62
951,Adam,Payne,apayneqe@photobucket.com,Male,62,Seldom,false,190.89.7.31
952,Walter,Bowman,wbowmanqf@histats.com,Male,52,Monthly,true,129.63.50.166
953,Rose,Williams,rwilliamsqg@xrea.com,Female,25,Once,false,16.171.165.16
954,Matthew,Washington,mwashingtonqh@homestead.com,Male,61,Monthly,true,248.221.34.18
955,Carolyn,Taylor,ctaylorqi@japanpost.jp,Female,28,Often,true,124.212.228.121
956,Russell,Carpenter,rcarpenterqj@cbslocal.com,Male,94,Seldom,false,130.195.66.244
957,Carolyn,Moore,cmooreqk@symantec.com,Female,59,Once,true,223.219.139.8
958,Stephen,Hart,shartql@japanpost.jp,Male,80,Daily,false,101.193.185.53
959,Carolyn,Bowman,cbowmanqm@free.fr,Female,32,Seldom,false,179.178.213.76
960,Sharon,Lawson,slawsonqn@goo.ne.jp,Female,66,Seldom,false,226.240.34.125
961,Emily,Rose,eroseqo@theglobeandmail.com,Female,77,Daily,true,26.156.139.111
962,Heather,Morrison,hmorrisonqp@is.gd,Female,22,Yearly,false,43.143.27.247
963,Carl,Peterson,cpetersonqq@51.la,Male,77,Often,true,36.88.107.129
964,Dennis,Mitchell,dmitchellqr@blogger.com,Male,80,Seldom,false,82.79.111.236
965,Carl,Russell,crussellqs@vinaora.com,Male,81,Often,true,157.28.208.177
966,Lillian,Rice,lriceqt@netvibes.com,Female,78,Seldom,true,142.213.168.225
967,Christopher,Taylor,ctaylorqu@addtoany.com,Male,87,Weekly,true,192.107.243.25
968,Susan,Burke,sburkeqv@bbc.co.uk,Female,18,Monthly,true,28.96.193.227
969,Lisa,Bennett,lbennettqw@rambler.ru,Female,78,Weekly,false,39.83.193.224
970,Pamela,Stevens,pstevensqx@google.it,Female,35,Once,true,91.221.185.202
971,Dorothy,Austin,daustinqy@symantec.com,Female,92,Often,true,172.14.19.20
972,Justin,Carroll,jcarrollqz@rakuten.co.jp,Male,63,Never,false,128.162.212.253
973,Jose,Hall,jhallr0@whitehouse.gov,Male,76,Once,false,99.62.49.137
974,Lillian,Williamson,lwilliamsonr1@ebay.co.uk,Female,68,Monthly,true,182.186.3.239
975,Jessica,Banks,jbanksr2@xinhuanet.com,Female,63,Never,true,114.203.223.209
976,Irene,Ruiz,iruizr3@unesco.org,Female,87,Often,true,91.92.81.64
977,Fred,Adams,fadamsr4@java.com,Male,88,Often,false,186.73.99.39
978,Nicholas,Peterson,npetersonr5@ameblo.jp,Male,44,Daily,false,168.197.109.186
979,David,Thompson,dthompsonr6@hud.gov,Male,53,Monthly,false,91.219.60.187
980,Robin,Roberts,rrobertsr7@wp.com,Female,36,Never,false,13.210.109.221
981,Roger,Nelson,rnelsonr8@unicef.org,Male,64,Daily,true,38.12.162.60
982,Paula,Peterson,ppetersonr9@delicious.com,Female,34,Once,false,199.145.67.227
983,Lawrence,Gray,lgrayra@omniture.com,Male,66,Often,false,38.66.187.2
984,Walter,Stanley,wstanleyrb@reference.com,Male,25,Seldom,false,171.106.117.254
985,Julie,Ellis,jellisrc@google.it,Female,42,Weekly,true,196.117.212.252
986,Rachel,Cooper,rcooperrd@flickr.com,Female,17,Daily,false,61.47.111.187
987,Jean,Howell,jhowellre@answers.com,Female,90,Yearly,false,79.92.254.82
988,William,Hawkins,whawkinsrf@engadget.com,Male,71,Daily,false,165.114.19.102
989,Raymond,Anderson,randersonrg@facebook.com,Male,96,Daily,true,197.92.225.45
990,Cheryl,Hughes,chughesrh@vk.com,Female,36,Once,true,219.110.126.66
991,Alice,Murphy,amurphyri@symantec.com,Female,50,Seldom,false,63.78.213.180
992,James,Bennett,jbennettrj@cafepress.com,Male,49,Monthly,true,86.164.164.228
993,Marie,West,mwestrk@google.com.br,Female,60,Never,false,199.171.138.86
994,Marie,Watson,mwatsonrl@google.fr,Female,51,Monthly,true,127.203.110.98
995,Jeremy,Jackson,jjacksonrm@scientificamerican.com,Male,50,Yearly,true,136.57.225.135
996,Tina,Smith,tsmithrn@usda.gov,Female,76,Yearly,false,95.130.120.243
997,Angela,Rivera,ariveraro@bloglines.com,Female,57,Monthly,false,213.68.92.132
998,Norma,Cook,ncookrp@cnet.com,Female,75,Daily,true,16.37.61.54
999,Walter,Stone,wstonerq@apache.org,Male,72,Once,true,113.201.95.232
1000,Katherine,Hernandez,khernandezrr@aboutads.info,Female,22,Once,true,159.209.172.171
